	Age	Embarked	Fare	Parch	Pclass	Sex	SibSp	Survived	Title	AgeGroups	FareCategory	DeckCode	Room	RoomCategory	Odd	FamilySize	FamilySizeGroup	Alone
0	22.0	1	7.25	0	3	1	1	0.0	1	1	0	0	0	0	0	1	1	1
1	38.0	2	71.2833	0	1	0	1	1.0	3	2	3	1	85	4	0	1	1	1
2	26.0	1	7.925	0	3	0	0	1.0	2	1	0	0	0	0	1	0	0	0
3	35.0	1	53.1	0	1	0	1	1.0	3	2	3	1	123	4	0	1	1	1
4	35.0	1	8.05	0	3	1	0	0.0	1	2	1	0	0	0	1	0	0	0
5	32.25215146299484	3	8.4583	0	3	1	0	0.0	1	2	1	0	0	0	0	0	0	0
6	54.0	1	51.8625	0	1	1	0	0.0	1	3	3	4	46	3	0	0	0	0
7	2.0	1	21.075	1	3	1	3	0.0	4	0	2	0	0	0	0	4	3	1
8	27.0	1	11.1333	2	3	0	0	1.0	3	1	1	0	0	0	1	2	2	1
9	14.0	2	30.0708	0	2	0	1	1.0	3	0	2	0	0	0	1	1	1	1
10	4.0	1	16.7	1	3	0	1	1.0	2	0	2	7	6	1	0	2	2	1
11	58.0	1	26.55	0	1	0	0	1.0	2	3	2	1	103	4	0	0	0	0
12	20.0	1	8.05	0	3	1	0	0.0	1	1	1	0	0	0	0	0	0	0
13	39.0	1	31.275	5	3	1	1	0.0	1	2	3	0	0	0	1	6	3	1
14	14.0	1	7.8542	0	3	0	0	0.0	2	0	0	0	0	0	1	0	0	0
15	55.0	1	16.0	0	2	0	0	1.0	3	3	2	0	0	0	1	0	0	0
16	2.0	3	29.125	1	3	1	4	0.0	4	0	2	0	0	0	1	5	3	1
17	32.25215146299484	1	13.0	0	2	1	0	1.0	1	2	1	0	0	0	0	0	0	0
18	31.0	1	18.0	0	3	0	1	0.0	3	2	2	0	0	0	0	1	1	1
19	36.99411764705882	2	7.225	0	3	0	0	1.0	3	2	0	0	0	0	0	0	0	0
20	35.0	1	26.0	0	2	1	0	0.0	1	2	2	0	0	0	0	0	0	0
21	34.0	1	13.0	0	2	1	0	1.0	1	2	1	3	56	3	1	0	0	0
22	15.0	3	8.0292	0	3	0	0	1.0	2	1	1	0	0	0	0	0	0	0
23	28.0	1	35.5	0	1	1	0	1.0	1	1	3	5	6	1	1	0	0	0
24	8.0	1	21.075	1	3	0	3	0.0	2	0	2	0	0	0	0	4	3	1
25	38.0	1	31.3875	5	3	0	1	1.0	3	2	3	0	0	0	0	6	3	1
26	32.25215146299484	2	7.225	0	3	1	0	0.0	1	2	0	0	0	0	0	0	0	0
27	19.0	1	263.0	2	1	1	3	0.0	1	1	3	1	23	2	1	5	3	1
28	21.774238095238097	3	7.8792	0	3	0	0	1.0	2	1	0	0	0	0	0	0	0	0
29	32.25215146299484	1	7.8958	0	3	1	0	0.0	1	2	0	0	0	0	1	0	0	0
30	40.0	2	27.7208	0	1	1	0	0.0	5	2	2	0	0	0	0	0	0	0
31	36.99411764705882	2	146.5208	0	1	0	1	1.0	3	2	3	2	78	3	0	1	1	1
32	21.774238095238097	3	7.75	0	3	0	0	1.0	2	1	0	0	0	0	0	0	0	0
33	66.0	1	10.5	0	2	1	0	0.0	1	4	1	0	0	0	0	0	0	0
34	28.0	2	82.1708	0	1	1	1	0.0	1	1	3	0	0	0	1	1	1	1
35	42.0	1	52.0	0	1	1	1	0.0	1	2	3	0	0	0	0	1	1	1
36	32.25215146299484	2	7.2292	0	3	1	0	1.0	1	2	0	0	0	0	0	0	0	0
37	21.0	1	8.05	0	3	1	0	0.0	1	1	1	0	0	0	1	0	0	0
38	18.0	1	18.0	0	3	0	2	0.0	2	1	2	0	0	0	1	2	2	1
39	14.0	2	11.2417	0	3	0	1	1.0	2	0	1	0	0	0	0	1	1	1
40	40.0	1	9.475	0	3	0	1	0.0	3	2	1	0	0	0	1	1	1	1
41	27.0	1	21.0	0	2	0	1	0.0	3	1	2	0	0	0	1	1	1	1
42	32.25215146299484	2	7.8958	0	3	1	0	0.0	1	2	0	0	0	0	0	0	0	0
43	3.0	2	41.5792	2	2	0	1	1.0	2	0	3	0	0	0	0	3	3	1
44	19.0	3	7.8792	0	3	0	0	1.0	2	1	0	0	0	0	1	0	0	0
45	32.25215146299484	1	8.05	0	3	1	0	0.0	1	2	1	0	0	0	0	0	0	0
46	32.25215146299484	3	15.5	0	3	1	1	0.0	1	2	2	0	0	0	0	1	1	1
47	21.774238095238097	3	7.75	0	3	0	0	1.0	2	1	0	0	0	0	0	0	0	0
48	32.25215146299484	2	21.6792	0	3	1	2	0.0	1	2	2	0	0	0	1	2	2	1
49	18.0	1	17.8	0	3	0	1	0.0	3	1	2	0	0	0	0	1	1	1
50	7.0	1	39.6875	1	3	1	4	0.0	4	0	3	0	0	0	0	5	3	1
51	21.0	1	7.8	0	3	1	0	0.0	1	1	0	0	0	0	1	0	0	0
52	49.0	2	76.7292	0	1	0	1	1.0	3	2	3	3	33	2	1	1	1	1
53	29.0	1	26.0	0	2	0	1	1.0	3	1	2	0	0	0	1	1	1	1
54	65.0	2	61.9792	1	1	1	0	0.0	1	4	3	2	30	2	0	1	1	1
55	32.25215146299484	1	35.5	0	1	1	0	1.0	1	2	3	1	52	3	0	0	0	0
56	21.0	1	10.5	0	2	0	0	1.0	2	1	1	0	0	0	1	0	0	0
57	28.5	2	7.2292	0	3	1	0	0.0	1	1	0	0	0	0	0	0	0	0
58	5.0	1	27.75	2	2	0	1	1.0	2	0	2	0	0	0	0	3	3	1
59	11.0	1	46.9	2	3	1	5	0.0	4	0	3	0	0	0	1	7	3	1
60	22.0	2	7.2292	0	3	1	0	0.0	1	1	0	0	0	0	0	0	0	0
61	38.0	1	80.0	0	1	0	0	1.0	2	2	3	2	28	2	1	0	0	0
62	45.0	1	83.475	0	1	1	1	0.0	1	2	3	1	83	4	0	1	1	1
63	4.0	1	27.9	2	3	1	3	0.0	4	0	2	0	0	0	1	5	3	1
64	32.25215146299484	2	27.7208	0	1	1	0	0.0	1	2	2	0	0	0	0	0	0	0
65	5.482641509433963	2	15.2458	1	3	1	1	1.0	4	0	2	0	0	0	0	2	2	1
66	29.0	1	10.5	0	2	0	0	1.0	3	1	1	6	33	2	0	0	0	0
67	19.0	1	8.1583	0	3	1	0	0.0	1	1	1	0	0	0	1	0	0	0
68	17.0	1	7.925	2	3	0	4	1.0	2	1	0	0	0	0	0	6	3	1
69	26.0	1	8.6625	0	3	1	2	0.0	1	1	1	0	0	0	0	2	2	1
70	32.0	1	10.5	0	2	1	0	0.0	1	2	1	0	0	0	0	0	0	0
71	16.0	1	46.9	2	3	0	5	0.0	2	1	3	0	0	0	1	7	3	1
72	21.0	1	73.5	0	2	1	0	0.0	1	1	3	0	0	0	0	0	0	0
73	26.0	2	14.4542	0	3	1	1	0.0	1	1	1	0	0	0	1	1	1	1
74	32.0	1	56.4958	0	3	1	0	1.0	1	2	3	0	0	0	0	0	0	0
75	25.0	1	7.65	0	3	1	0	0.0	1	1	0	6	73	3	0	0	0	0
76	32.25215146299484	1	7.8958	0	3	1	0	0.0	1	2	0	0	0	0	1	0	0	0
77	32.25215146299484	1	8.05	0	3	1	0	0.0	1	2	1	0	0	0	1	0	0	0
78	0.83	1	29.0	2	2	1	0	1.0	4	0	2	0	0	0	1	2	2	1
79	30.0	1	12.475	0	3	0	0	1.0	2	1	1	0	0	0	1	0	0	0
80	22.0	1	9.0	0	3	1	0	0.0	1	1	1	0	0	0	0	0	0	0
81	29.0	1	9.5	0	3	1	0	1.0	1	1	1	0	0	0	0	0	0	0
82	21.774238095238097	3	7.7875	0	3	0	0	1.0	2	1	0	0	0	0	1	0	0	0
83	28.0	1	47.1	0	1	1	0	0.0	1	1	3	0	0	0	0	0	0	0
84	17.0	1	10.5	0	2	0	0	1.0	2	1	1	0	0	0	0	0	0	0
85	33.0	1	15.85	0	3	0	3	1.0	3	2	2	0	0	0	1	3	3	1
86	16.0	1	34.375	3	3	1	1	0.0	1	1	3	0	0	0	1	4	3	1
87	32.25215146299484	1	8.05	0	3	1	0	0.0	1	2	1	0	0	0	1	0	0	0
88	23.0	1	263.0	2	1	0	3	1.0	2	1	3	1	23	2	1	5	3	1
89	24.0	1	8.05	0	3	1	0	0.0	1	1	1	0	0	0	0	0	0	0
90	29.0	1	8.05	0	3	1	0	0.0	1	1	1	0	0	0	1	0	0	0
91	20.0	1	7.8542	0	3	1	0	0.0	1	1	0	0	0	0	1	0	0	0
92	46.0	1	61.175	0	1	1	1	0.0	1	2	3	4	31	2	1	1	1	1
93	26.0	1	20.575	2	3	1	1	0.0	1	1	2	0	0	0	0	3	3	1
94	59.0	1	7.25	0	3	1	0	0.0	1	3	0	0	0	0	1	0	0	0
95	32.25215146299484	1	8.05	0	3	1	0	0.0	1	2	1	0	0	0	1	0	0	0
96	71.0	2	34.6542	0	1	1	0	0.0	1	4	3	5	5	1	1	0	0	0
97	23.0	2	63.3583	1	1	1	0	1.0	1	1	3	3	10	1	0	1	1	1
98	34.0	1	23.0	1	2	0	0	1.0	3	2	2	0	0	0	0	1	1	1
99	34.0	1	26.0	0	2	1	1	0.0	1	2	2	0	0	0	0	1	1	1
100	28.0	1	7.8958	0	3	0	0	0.0	2	1	0	0	0	0	0	0	0	0
101	32.25215146299484	1	7.8958	0	3	1	0	0.0	1	2	0	0	0	0	0	0	0	0
102	21.0	1	77.2875	1	1	1	0	0.0	1	1	3	3	26	2	0	1	1	1
103	33.0	1	8.6542	0	3	1	0	0.0	1	2	1	0	0	0	1	0	0	0
104	37.0	1	7.925	0	3	1	2	0.0	1	2	0	0	0	0	1	2	2	1
105	28.0	1	7.8958	0	3	1	0	0.0	1	1	0	0	0	0	0	0	0	0
106	21.0	1	7.65	0	3	0	0	1.0	2	1	0	0	0	0	1	0	0	0
107	32.25215146299484	1	7.775	0	3	1	0	1.0	1	2	0	0	0	0	0	0	0	0
108	38.0	1	7.8958	0	3	1	0	0.0	1	2	0	0	0	0	0	0	0	0
109	21.774238095238097	3	24.15	0	3	0	1	1.0	2	1	2	0	0	0	1	1	1	1
110	47.0	1	52.0	0	1	1	0	0.0	1	2	3	1	110	4	0	0	0	0
111	14.5	2	14.4542	0	3	0	1	0.0	2	1	1	0	0	0	0	1	1	1
112	22.0	1	8.05	0	3	1	0	0.0	1	1	1	0	0	0	0	0	0	0
113	20.0	1	9.825	0	3	0	1	0.0	2	1	1	0	0	0	1	1	1	1
114	17.0	2	14.4583	0	3	0	0	0.0	2	1	1	0	0	0	0	0	0	0
115	21.0	1	7.925	0	3	1	0	0.0	1	1	0	0	0	0	1	0	0	0
116	70.5	3	7.75	0	3	1	0	0.0	1	4	0	0	0	0	0	0	0	0
117	29.0	1	21.0	0	2	1	1	0.0	1	1	2	0	0	0	1	1	1	1
118	24.0	2	247.5208	1	1	1	0	0.0	1	1	3	2	58	3	1	1	1	1
119	2.0	1	31.275	2	3	0	4	0.0	2	0	3	0	0	0	1	6	3	1
120	21.0	1	73.5	0	2	1	2	0.0	1	1	3	0	0	0	0	2	2	1
121	32.25215146299484	1	8.05	0	3	1	0	0.0	1	2	1	0	0	0	1	0	0	0
122	32.5	2	30.0708	0	2	1	1	0.0	1	2	2	0	0	0	1	1	1	1
123	32.5	1	13.0	0	2	0	0	1.0	2	2	1	4	101	4	0	0	0	0
124	54.0	1	77.2875	1	1	1	0	0.0	1	3	3	3	26	2	0	1	1	1
125	12.0	2	11.2417	0	3	1	1	1.0	4	0	1	0	0	0	0	1	1	1
126	32.25215146299484	3	7.75	0	3	1	0	0.0	1	2	0	0	0	0	1	0	0	0
127	24.0	1	7.1417	0	3	1	0	1.0	1	1	0	0	0	0	0	0	0	0
128	21.774238095238097	2	22.3583	1	3	0	1	1.0	2	1	2	6	69	3	1	2	2	1
129	45.0	1	6.975	0	3	1	0	0.0	1	2	0	0	0	0	0	0	0	0
130	33.0	2	7.8958	0	3	1	0	0.0	1	2	0	0	0	0	0	0	0	0
131	20.0	1	7.05	0	3	1	0	0.0	1	1	0	0	0	0	0	0	0	0
132	47.0	1	14.5	0	3	0	1	0.0	3	2	1	0	0	0	0	1	1	1
133	29.0	1	26.0	0	2	0	1	1.0	3	1	2	0	0	0	1	1	1	1
134	25.0	1	13.0	0	2	1	0	0.0	1	1	1	0	0	0	1	0	0	0
135	23.0	2	15.0458	0	2	1	0	0.0	1	1	2	0	0	0	0	0	0	0
136	19.0	1	26.2833	2	1	0	0	1.0	2	1	2	3	47	3	1	2	2	1
137	37.0	1	53.1	0	1	1	1	0.0	1	2	3	1	123	4	0	1	1	1
138	16.0	1	9.2167	0	3	1	0	0.0	1	1	1	0	0	0	1	0	0	0
139	24.0	2	79.2	0	1	1	0	0.0	1	1	3	2	86	4	0	0	0	0
140	36.99411764705882	2	15.2458	2	3	0	0	0.0	3	2	2	0	0	0	1	2	2	1
141	22.0	1	7.75	0	3	0	0	1.0	2	1	0	0	0	0	0	0	0	0
142	24.0	1	15.85	0	3	0	1	1.0	3	1	2	0	0	0	0	1	1	1
143	19.0	3	6.75	0	3	1	0	0.0	1	1	0	0	0	0	1	0	0	0
144	18.0	1	11.5	0	2	1	0	0.0	1	1	1	0	0	0	0	0	0	0
145	19.0	1	36.75	1	2	1	1	0.0	1	1	3	0	0	0	1	2	2	1
146	27.0	1	7.7958	0	3	1	0	1.0	1	1	0	0	0	0	0	0	0	0
147	9.0	1	34.375	2	3	0	2	0.0	2	0	3	0	0	0	1	4	3	1
148	36.5	1	26.0	2	2	1	0	0.0	1	2	2	6	2	1	1	2	2	1
149	42.0	1	13.0	0	2	1	0	0.0	5	2	1	0	0	0	1	0	0	0
150	51.0	1	12.525	0	2	1	0	0.0	5	3	1	0	0	0	1	0	0	0
151	22.0	1	66.6	0	1	0	1	1.0	3	1	3	1	2	1	1	1	1	1
152	55.5	1	8.05	0	3	1	0	0.0	1	3	1	0	0	0	1	0	0	0
153	40.5	1	14.5	2	3	1	0	0.0	1	2	1	0	0	0	0	2	2	1
154	32.25215146299484	1	7.3125	0	3	1	0	0.0	1	2	0	0	0	0	1	0	0	0
155	51.0	2	61.3792	1	1	1	0	0.0	1	3	3	0	0	0	0	1	1	1
156	16.0	3	7.7333	0	3	0	0	1.0	2	1	0	0	0	0	0	0	0	0
157	30.0	1	8.05	0	3	1	0	0.0	1	1	1	0	0	0	1	0	0	0
158	32.25215146299484	1	8.6625	0	3	1	0	0.0	1	2	1	0	0	0	0	0	0	0
159	5.482641509433963	1	69.55	2	3	1	8	0.0	4	0	3	0	0	0	0	10	3	1
160	44.0	1	16.1	1	3	1	0	0.0	1	2	2	0	0	0	1	1	1	1
161	40.0	1	15.75	0	2	0	0	1.0	3	2	2	0	0	0	0	0	0	0
162	26.0	1	7.775	0	3	1	0	0.0	1	1	0	0	0	0	1	0	0	0
163	17.0	1	8.6625	0	3	1	0	0.0	1	1	1	0	0	0	0	0	0	0
164	1.0	1	39.6875	1	3	1	4	0.0	4	0	3	0	0	0	0	5	3	1
165	9.0	1	20.525	2	3	1	0	1.0	4	0	2	0	0	0	0	2	2	1
166	36.99411764705882	1	55.0	1	1	0	0	1.0	3	2	3	4	33	2	0	1	1	1
167	45.0	1	27.9	4	3	0	1	0.0	3	2	2	0	0	0	1	5	3	1
168	32.25215146299484	1	25.925	0	1	1	0	0.0	1	2	2	0	0	0	1	0	0	0
169	28.0	1	56.4958	0	3	1	0	0.0	1	1	3	0	0	0	0	0	0	0
170	61.0	1	33.5	0	1	1	0	0.0	1	4	3	2	19	1	1	0	0	0
171	4.0	3	29.125	1	3	1	4	0.0	4	0	2	0	0	0	1	5	3	1
172	1.0	1	11.1333	1	3	0	1	1.0	2	0	1	0	0	0	1	2	2	1
173	21.0	1	7.925	0	3	1	0	0.0	1	1	0	0	0	0	1	0	0	0
174	56.0	2	30.6958	0	1	1	0	0.0	1	3	2	5	7	1	1	0	0	0
175	18.0	1	7.8542	1	3	1	1	0.0	1	1	0	0	0	0	1	2	2	1
176	5.482641509433963	1	25.4667	1	3	1	3	0.0	4	0	2	0	0	0	0	4	3	1
177	50.0	2	28.7125	0	1	0	0	0.0	2	2	2	1	49	3	0	0	0	0
178	30.0	1	13.0	0	2	1	0	0.0	1	1	1	0	0	0	0	0	0	0
179	36.0	1	0.0	0	3	1	0	0.0	1	2	0	0	0	0	0	0	0	0
180	21.774238095238097	1	69.55	2	3	0	8	0.0	2	1	3	0	0	0	0	10	3	1
181	32.25215146299484	2	15.05	0	2	1	0	0.0	1	2	2	0	0	0	0	0	0	0
182	9.0	1	31.3875	2	3	1	4	0.0	4	0	3	0	0	0	0	6	3	1
183	1.0	1	39.0	1	2	1	2	1.0	4	0	3	6	4	1	1	3	3	1
184	4.0	1	22.025	2	3	0	0	1.0	2	0	2	0	0	0	0	2	2	1
185	32.25215146299484	1	50.0	0	1	1	0	0.0	1	2	3	5	32	2	0	0	0	0
186	36.99411764705882	3	15.5	0	3	0	1	1.0	3	2	2	0	0	0	0	1	1	1
187	45.0	1	26.55	0	1	1	0	1.0	1	2	2	0	0	0	1	0	0	0
188	40.0	3	15.5	1	3	1	1	0.0	1	2	2	0	0	0	0	2	2	1
189	36.0	1	7.8958	0	3	1	0	0.0	1	2	0	0	0	0	0	0	0	0
190	32.0	1	13.0	0	2	0	0	1.0	3	2	1	0	0	0	1	0	0	0
191	19.0	1	13.0	0	2	1	0	0.0	1	1	1	0	0	0	1	0	0	0
192	19.0	1	7.8542	0	3	0	1	1.0	2	1	0	0	0	0	1	1	1	1
193	3.0	1	26.0	1	2	1	1	1.0	4	0	2	6	2	1	1	2	2	1
194	44.0	2	27.7208	0	1	0	0	1.0	3	2	2	2	4	1	1	0	0	0
195	58.0	2	146.5208	0	1	0	0	1.0	2	3	3	2	80	3	0	0	0	0
196	32.25215146299484	3	7.75	0	3	1	0	0.0	1	2	0	0	0	0	0	0	0	0
197	42.0	1	8.4042	1	3	1	0	0.0	1	2	1	0	0	0	0	1	1	1
198	21.774238095238097	3	7.75	0	3	0	0	1.0	2	1	0	0	0	0	1	0	0	0
199	24.0	1	13.0	0	2	0	0	0.0	2	1	1	0	0	0	0	0	0	0
200	28.0	1	9.5	0	3	1	0	0.0	1	1	1	0	0	0	1	0	0	0
201	32.25215146299484	1	69.55	2	3	1	8	0.0	1	2	3	0	0	0	0	10	3	1
202	34.0	1	6.4958	0	3	1	0	0.0	1	2	0	0	0	0	1	0	0	0
203	45.5	2	7.225	0	3	1	0	0.0	1	2	0	0	0	0	1	0	0	0
204	18.0	1	8.05	0	3	1	0	1.0	1	1	1	0	0	0	1	0	0	0
205	2.0	1	10.4625	1	3	0	0	0.0	2	0	1	7	6	1	1	1	1	1
206	32.0	1	15.85	0	3	1	1	0.0	1	2	2	0	0	0	1	1	1	1
207	26.0	2	18.7875	0	3	1	0	1.0	1	1	2	0	0	0	0	0	0	0
208	16.0	3	7.75	0	3	0	0	1.0	2	1	0	0	0	0	0	0	0	0
209	40.0	2	31.0	0	1	1	0	1.0	1	2	2	5	31	2	0	0	0	0
210	24.0	1	7.05	0	3	1	0	0.0	1	1	0	0	0	0	0	0	0	0
211	35.0	1	21.0	0	2	0	0	1.0	2	2	2	0	0	0	1	0	0	0
212	22.0	1	7.25	0	3	1	0	0.0	1	1	0	0	0	0	1	0	0	0
213	30.0	1	13.0	0	2	1	0	0.0	1	1	1	0	0	0	1	0	0	0
214	32.25215146299484	3	7.75	0	3	1	1	0.0	1	2	0	0	0	0	0	1	1	1
215	31.0	2	113.275	0	1	0	1	1.0	2	2	3	3	36	2	0	1	1	1
216	27.0	1	7.925	0	3	0	0	1.0	2	1	0	0	0	0	0	0	0	0
217	42.0	1	27.0	0	2	1	1	0.0	1	2	2	0	0	0	0	1	1	1
218	32.0	2	76.2917	0	1	0	0	1.0	2	2	3	3	15	1	0	0	0	0
219	30.0	1	10.5	0	2	1	0	0.0	1	1	1	0	0	0	1	0	0	0
220	16.0	1	8.05	0	3	1	0	1.0	1	1	1	0	0	0	0	0	0	0
221	27.0	1	13.0	0	2	1	0	0.0	1	1	1	0	0	0	0	0	0	0
222	51.0	1	8.05	0	3	1	0	0.0	1	3	1	0	0	0	1	0	0	0
223	32.25215146299484	1	7.8958	0	3	1	0	0.0	1	2	0	0	0	0	1	0	0	0
224	38.0	1	90.0	0	1	1	1	1.0	1	2	3	1	93	4	0	1	1	1
225	22.0	1	9.35	0	3	1	0	0.0	1	1	1	0	0	0	1	0	0	0
226	19.0	1	10.5	0	2	1	0	1.0	1	1	1	0	0	0	0	0	0	0
227	20.5	1	7.25	0	3	1	0	0.0	1	1	0	0	0	0	0	0	0	0
228	18.0	1	13.0	0	2	1	0	0.0	1	1	1	0	0	0	0	0	0	0
229	21.774238095238097	1	25.4667	1	3	0	3	0.0	2	1	2	0	0	0	0	4	3	1
230	35.0	1	83.475	0	1	0	1	1.0	3	2	3	1	83	4	0	1	1	1
231	29.0	1	7.775	0	3	1	0	0.0	1	1	0	0	0	0	0	0	0	0
232	59.0	1	13.5	0	2	1	0	0.0	1	3	1	0	0	0	1	0	0	0
233	5.0	1	31.3875	2	3	0	4	1.0	2	0	3	0	0	0	0	6	3	1
234	24.0	1	10.5	0	2	1	0	0.0	1	1	1	0	0	0	1	0	0	0
235	21.774238095238097	1	7.55	0	3	0	0	0.0	2	1	0	0	0	0	0	0	0	0
236	44.0	1	26.0	0	2	1	1	0.0	1	2	2	0	0	0	0	1	1	1
237	8.0	1	26.25	2	2	0	0	1.0	2	0	2	0	0	0	0	2	2	1
238	19.0	1	10.5	0	2	1	0	0.0	1	1	1	0	0	0	0	0	0	0
239	33.0	1	12.275	0	2	1	0	0.0	1	2	1	0	0	0	0	0	0	0
240	21.774238095238097	2	14.4542	0	3	0	1	0.0	2	1	1	0	0	0	0	1	1	1
241	21.774238095238097	3	15.5	0	3	0	1	1.0	2	1	2	0	0	0	1	1	1	1
242	29.0	1	10.5	0	2	1	0	0.0	1	1	1	0	0	0	0	0	0	0
243	22.0	1	7.125	0	3	1	0	0.0	1	1	0	0	0	0	0	0	0	0
244	30.0	2	7.225	0	3	1	0	0.0	1	1	0	0	0	0	1	0	0	0
245	44.0	3	90.0	0	1	1	2	0.0	5	2	3	1	78	3	1	2	2	1
246	25.0	1	7.775	0	3	0	0	0.0	2	1	0	0	0	0	0	0	0	0
247	24.0	1	14.5	2	2	0	0	1.0	3	1	1	0	0	0	0	2	2	1
248	37.0	1	52.5542	1	1	1	1	1.0	1	2	3	3	35	2	0	2	2	1
249	54.0	1	26.0	0	2	1	1	0.0	5	3	2	0	0	0	1	1	1	1
250	32.25215146299484	1	7.25	0	3	1	0	0.0	1	2	0	0	0	0	1	0	0	0
251	29.0	1	10.4625	1	3	0	1	0.0	3	1	1	7	6	1	1	2	2	1
252	62.0	1	26.55	0	1	1	0	0.0	1	4	2	1	87	4	1	0	0	0
253	30.0	1	16.1	0	3	1	1	0.0	1	1	2	0	0	0	1	1	1	1
254	41.0	1	20.2125	2	3	0	0	0.0	3	2	2	0	0	0	0	2	2	1
255	29.0	2	15.2458	2	3	0	0	1.0	3	1	2	0	0	0	1	2	2	1
256	36.99411764705882	2	79.2	0	1	0	0	1.0	3	2	3	0	0	0	0	0	0	0
257	30.0	1	86.5	0	1	0	0	1.0	2	1	3	2	77	3	1	0	0	0
258	35.0	2	512.3292	0	1	0	0	1.0	2	2	3	0	0	0	0	0	0	0
259	50.0	1	26.0	1	2	0	0	1.0	3	2	2	0	0	0	0	1	1	1
260	32.25215146299484	3	7.75	0	3	1	0	0.0	1	2	0	0	0	0	0	0	0	0
261	3.0	1	31.3875	2	3	1	4	1.0	4	0	3	0	0	0	0	6	3	1
262	52.0	1	79.65	1	1	1	1	0.0	1	3	3	4	67	3	0	2	2	1
263	40.0	1	0.0	0	1	1	0	0.0	1	2	0	2	94	4	0	0	0	0
264	21.774238095238097	3	7.75	0	3	0	0	0.0	2	1	0	0	0	0	0	0	0	0
265	36.0	1	10.5	0	2	1	0	0.0	1	2	1	0	0	0	1	0	0	0
266	16.0	1	39.6875	1	3	1	4	0.0	1	1	3	0	0	0	0	5	3	1
267	25.0	1	7.775	0	3	1	1	1.0	1	1	0	0	0	0	0	1	1	1
268	58.0	1	153.4625	1	1	0	0	1.0	3	3	3	1	125	4	1	1	1	1
269	35.0	1	135.6333	0	1	0	0	1.0	2	2	3	1	99	4	1	0	0	0
270	32.25215146299484	1	31.0	0	1	1	0	0.0	1	2	2	0	0	0	1	0	0	0
271	25.0	1	0.0	0	3	1	0	1.0	1	1	0	0	0	0	0	0	0	0
272	41.0	1	19.5	1	2	0	0	1.0	3	2	2	0	0	0	1	1	1	1
273	37.0	2	29.7	1	1	1	0	0.0	1	2	2	1	118	4	1	1	1	1
274	21.774238095238097	3	7.75	0	3	0	0	1.0	2	1	0	0	0	0	0	0	0	0
275	63.0	1	77.9583	0	1	0	1	1.0	2	4	3	3	7	1	1	1	1	1
276	45.0	1	7.75	0	3	0	0	0.0	2	2	0	0	0	0	0	0	0	0
277	32.25215146299484	1	0.0	0	2	1	0	0.0	1	2	0	0	0	0	0	0	0	0
278	7.0	3	29.125	1	3	1	4	0.0	4	0	2	0	0	0	1	5	3	1
279	35.0	1	20.25	1	3	0	1	1.0	3	2	2	0	0	0	0	2	2	1
280	65.0	3	7.75	0	3	1	0	0.0	1	4	0	0	0	0	0	0	0	0
281	28.0	1	7.8542	0	3	1	0	0.0	1	1	0	0	0	0	1	0	0	0
282	16.0	1	9.5	0	3	1	0	0.0	1	1	1	0	0	0	1	0	0	0
283	19.0	1	8.05	0	3	1	0	1.0	1	1	1	0	0	0	1	0	0	0
284	32.25215146299484	1	26.0	0	1	1	0	0.0	1	2	2	5	19	1	1	0	0	0
285	33.0	2	8.6625	0	3	1	0	0.0	1	2	1	0	0	0	0	0	0	0
286	30.0	1	9.5	0	3	1	0	1.0	1	1	1	0	0	0	1	0	0	0
287	22.0	1	7.8958	0	3	1	0	0.0	1	1	0	0	0	0	1	0	0	0
288	42.0	1	13.0	0	2	1	0	1.0	1	2	1	0	0	0	1	0	0	0
289	22.0	3	7.75	0	3	0	0	1.0	2	1	0	0	0	0	0	0	0	0
290	26.0	1	78.85	0	1	0	0	1.0	2	1	3	0	0	0	0	0	0	0
291	19.0	2	91.0792	0	1	0	1	1.0	3	1	3	2	49	3	0	1	1	1
292	36.0	2	12.875	0	2	1	0	0.0	1	2	1	3	0	0	0	0	0	0
293	24.0	1	8.85	0	3	0	0	0.0	2	1	1	0	0	0	1	0	0	0
294	24.0	1	7.8958	0	3	1	0	0.0	1	1	0	0	0	0	0	0	0	0
295	32.25215146299484	2	27.7208	0	1	1	0	0.0	1	2	2	0	0	0	1	0	0	0
296	23.5	2	7.2292	0	3	1	0	0.0	1	1	0	0	0	0	0	0	0	0
297	2.0	1	151.55	2	1	0	1	0.0	2	0	3	1	22	2	0	3	3	1
298	32.25215146299484	1	30.5	0	1	1	0	1.0	1	2	2	1	106	4	1	0	0	0
299	50.0	2	247.5208	1	1	0	0	1.0	3	2	3	2	58	3	1	1	1	1
300	21.774238095238097	3	7.75	0	3	0	0	1.0	2	1	0	0	0	0	1	0	0	0
301	32.25215146299484	3	23.25	0	3	1	2	1.0	1	2	2	0	0	0	1	2	2	1
302	19.0	1	0.0	0	3	1	0	0.0	1	1	0	0	0	0	0	0	0	0
303	21.774238095238097	3	12.35	0	2	0	0	1.0	2	1	1	4	101	4	0	0	0	0
304	32.25215146299484	1	8.05	0	3	1	0	0.0	1	2	1	0	0	0	1	0	0	0
305	0.92	1	151.55	2	1	1	1	1.0	4	0	3	1	22	2	0	3	3	1
306	21.774238095238097	2	110.8833	0	1	0	0	1.0	2	1	3	0	0	0	0	0	0	0
307	17.0	2	108.9	0	1	0	1	1.0	3	1	3	1	65	3	1	1	1	1
308	30.0	2	24.0	0	2	1	1	0.0	1	1	2	0	0	0	0	1	1	1
309	30.0	2	56.9292	0	1	0	0	1.0	2	1	3	4	36	2	0	0	0	0
310	24.0	2	83.1583	0	1	0	0	1.0	2	1	3	1	54	3	0	0	0	0
311	18.0	2	262.375	2	1	0	2	1.0	2	1	3	2	57	3	1	4	3	1
312	26.0	1	26.0	1	2	0	1	0.0	3	1	2	0	0	0	0	2	2	1
313	28.0	1	7.8958	0	3	1	0	0.0	1	1	0	0	0	0	0	0	0	0
314	43.0	1	26.25	1	2	1	1	0.0	1	2	2	0	0	0	0	2	2	1
315	26.0	1	7.8542	0	3	0	0	1.0	2	1	0	0	0	0	1	0	0	0
316	24.0	1	26.0	0	2	0	1	1.0	3	1	2	0	0	0	0	1	1	1
317	54.0	1	14.0	0	2	1	0	0.0	5	3	1	0	0	0	0	0	0	0
318	31.0	1	164.8667	2	1	0	0	1.0	2	2	3	1	7	1	1	2	2	1
319	40.0	2	134.5	1	1	0	1	1.0	3	2	3	4	34	2	1	2	2	1
320	22.0	1	7.25	0	3	1	0	0.0	1	1	0	0	0	0	1	0	0	0
321	27.0	1	7.8958	0	3	1	0	0.0	1	1	0	0	0	0	0	0	0	0
322	30.0	3	12.35	0	2	0	0	1.0	2	1	1	0	0	0	1	0	0	0
323	22.0	1	29.0	1	2	0	1	1.0	3	1	2	0	0	0	1	2	2	1
324	32.25215146299484	1	69.55	2	3	1	8	0.0	1	2	3	0	0	0	0	10	3	1
325	36.0	2	135.6333	0	1	0	0	1.0	2	2	3	1	32	2	1	0	0	0
326	61.0	1	6.2375	0	3	1	0	0.0	1	4	0	0	0	0	1	0	0	0
327	36.0	1	13.0	0	2	0	0	1.0	3	2	1	3	0	0	0	0	0	0
328	31.0	1	20.525	1	3	0	1	1.0	3	2	2	0	0	0	0	2	2	1
329	16.0	2	57.9792	1	1	0	0	1.0	2	1	3	2	18	1	0	1	1	1
330	21.774238095238097	3	23.25	0	3	0	2	1.0	2	1	2	0	0	0	1	2	2	1
331	45.5	1	28.5	0	1	1	0	0.0	1	2	2	1	124	4	0	0	0	0
332	38.0	1	153.4625	1	1	1	0	0.0	1	2	3	1	91	4	1	1	1	1
333	16.0	1	18.0	0	3	1	2	0.0	1	1	2	0	0	0	1	2	2	1
334	36.99411764705882	1	133.65	0	1	0	1	1.0	3	2	3	0	0	0	0	1	1	1
335	32.25215146299484	1	7.8958	0	3	1	0	0.0	1	2	0	0	0	0	0	0	0	0
336	29.0	1	66.6	0	1	1	1	0.0	1	1	3	1	2	1	1	1	1	1
337	41.0	2	134.5	0	1	0	0	1.0	2	2	3	4	40	2	1	0	0	0
338	45.0	1	8.05	0	3	1	0	1.0	1	2	1	0	0	0	1	0	0	0
339	45.0	1	35.5	0	1	1	0	0.0	1	2	3	0	0	0	1	0	0	0
340	2.0	1	26.0	1	2	1	1	1.0	4	0	2	6	2	1	1	2	2	1
341	24.0	1	263.0	2	1	0	3	1.0	2	1	3	1	23	2	1	5	3	1
342	28.0	1	13.0	0	2	1	0	0.0	1	1	1	0	0	0	1	0	0	0
343	25.0	1	13.0	0	2	1	0	0.0	1	1	1	0	0	0	0	0	0	0
344	36.0	1	13.0	0	2	1	0	0.0	1	2	1	0	0	0	1	0	0	0
345	24.0	1	13.0	0	2	0	0	1.0	2	1	1	6	33	2	0	0	0	0
346	40.0	1	13.0	0	2	0	0	1.0	2	2	1	0	0	0	1	0	0	0
347	36.99411764705882	1	16.1	0	3	0	1	1.0	3	2	2	0	0	0	0	1	1	1
348	3.0	1	15.9	1	3	1	1	1.0	4	0	2	0	0	0	0	2	2	1
349	42.0	1	8.6625	0	3	1	0	0.0	1	2	1	0	0	0	1	0	0	0
350	23.0	1	9.225	0	3	1	0	0.0	1	1	1	0	0	0	0	0	0	0
351	32.25215146299484	1	35.0	0	1	1	0	0.0	1	2	3	1	128	4	1	0	0	0
352	15.0	2	7.2292	1	3	1	1	0.0	1	1	0	0	0	0	0	2	2	1
353	25.0	1	17.8	0	3	1	1	0.0	1	1	2	0	0	0	0	1	1	1
354	32.25215146299484	2	7.225	0	3	1	0	0.0	1	2	0	0	0	0	0	0	0	0
355	28.0	1	9.5	0	3	1	0	0.0	1	1	1	0	0	0	0	0	0	0
356	22.0	1	55.0	1	1	0	0	1.0	2	1	3	4	33	2	0	1	1	1
357	38.0	1	13.0	0	2	0	0	0.0	2	2	1	0	0	0	0	0	0	0
358	21.774238095238097	3	7.8792	0	3	0	0	1.0	2	1	0	0	0	0	0	0	0	0
359	21.774238095238097	3	7.8792	0	3	0	0	1.0	2	1	0	0	0	0	1	0	0	0
360	40.0	1	27.9	4	3	1	1	0.0	1	2	2	0	0	0	1	5	3	1
361	29.0	2	27.7208	0	2	1	1	0.0	1	1	2	0	0	0	0	1	1	1
362	45.0	2	14.4542	1	3	0	0	0.0	3	2	1	0	0	0	0	1	1	1
363	35.0	1	7.05	0	3	1	0	0.0	1	2	0	0	0	0	1	0	0	0
364	32.25215146299484	3	15.5	0	3	1	1	0.0	1	2	2	0	0	0	0	1	1	1
365	30.0	1	7.25	0	3	1	0	0.0	1	1	0	0	0	0	1	0	0	0
366	60.0	2	75.25	0	1	0	1	1.0	3	3	3	3	37	2	0	1	1	1
367	36.99411764705882	2	7.2292	0	3	0	0	1.0	3	2	0	0	0	0	1	0	0	0
368	21.774238095238097	3	7.75	0	3	0	0	1.0	2	1	0	0	0	0	0	0	0	0
369	24.0	2	69.3	0	1	0	0	1.0	3	1	3	2	35	2	0	0	0	0
370	25.0	2	55.4417	0	1	1	1	1.0	1	1	3	4	50	3	0	1	1	1
371	18.0	1	6.4958	0	3	1	1	0.0	1	1	0	0	0	0	0	1	1	1
372	19.0	1	8.05	0	3	1	0	0.0	1	1	1	0	0	0	0	0	0	0
373	22.0	2	135.6333	0	1	1	0	0.0	1	1	3	0	0	0	1	0	0	0
374	3.0	1	21.075	1	3	0	3	0.0	2	0	2	0	0	0	0	4	3	1
375	36.99411764705882	2	82.1708	0	1	0	1	1.0	3	2	3	0	0	0	1	1	1	1
376	22.0	1	7.25	0	3	0	0	1.0	2	1	0	0	0	0	0	0	0	0
377	27.0	2	211.5	2	1	1	0	0.0	1	1	3	1	82	4	0	2	2	1
378	20.0	2	4.0125	0	3	1	0	0.0	1	1	0	0	0	0	1	0	0	0
379	19.0	1	7.775	0	3	1	0	0.0	1	1	0	0	0	0	0	0	0	0
380	42.0	2	227.525	0	1	0	0	1.0	2	2	3	0	0	0	0	0	0	0
381	1.0	2	15.7417	2	3	0	0	1.0	2	0	2	0	0	0	0	2	2	1
382	32.0	1	7.925	0	3	1	0	0.0	1	2	0	0	0	0	0	0	0	0
383	35.0	1	52.0	0	1	0	1	1.0	3	2	3	0	0	0	0	1	1	1
384	32.25215146299484	1	7.8958	0	3	1	0	0.0	1	2	0	0	0	0	0	0	0	0
385	18.0	1	73.5	0	2	1	0	0.0	1	1	3	0	0	0	0	0	0	0
386	1.0	1	46.9	2	3	1	5	0.0	4	0	3	0	0	0	1	7	3	1
387	36.0	1	13.0	0	2	0	0	1.0	2	2	1	0	0	0	0	0	0	0
388	32.25215146299484	3	7.7292	0	3	1	0	0.0	1	2	0	0	0	0	0	0	0	0
389	17.0	2	12.0	0	2	0	0	1.0	2	1	1	0	0	0	1	0	0	0
390	36.0	1	120.0	2	1	1	1	1.0	1	2	3	2	96	4	1	3	3	1
391	21.0	1	7.7958	0	3	1	0	1.0	1	1	0	0	0	0	1	0	0	0
392	28.0	1	7.925	0	3	1	2	0.0	1	1	0	0	0	0	0	2	2	1
393	23.0	2	113.275	0	1	0	1	1.0	2	1	3	3	36	2	0	1	1	1
394	24.0	1	16.7	2	3	0	0	1.0	3	1	2	7	6	1	0	2	2	1
395	22.0	1	7.7958	0	3	1	0	0.0	1	1	0	0	0	0	1	0	0	0
396	31.0	1	7.8542	0	3	0	0	0.0	2	2	0	0	0	0	0	0	0	0
397	46.0	1	26.0	0	2	1	0	0.0	1	2	2	0	0	0	0	0	0	0
398	23.0	1	10.5	0	2	1	0	0.0	5	1	1	0	0	0	1	0	0	0
399	28.0	1	12.65	0	2	0	0	1.0	3	1	1	0	0	0	0	0	0	0
400	39.0	1	7.925	0	3	1	0	1.0	1	2	0	0	0	0	0	0	0	0
401	26.0	1	8.05	0	3	1	0	0.0	1	1	1	0	0	0	1	0	0	0
402	21.0	1	9.825	0	3	0	1	0.0	2	1	1	0	0	0	0	1	1	1
403	28.0	1	15.85	0	3	1	1	0.0	1	1	2	0	0	0	0	1	1	1
404	20.0	1	8.6625	0	3	0	0	0.0	2	1	1	0	0	0	1	0	0	0
405	34.0	1	21.0	0	2	1	1	0.0	1	2	2	0	0	0	1	1	1	1
406	51.0	1	7.75	0	3	1	0	0.0	1	3	0	0	0	0	1	0	0	0
407	3.0	1	18.75	1	2	1	1	1.0	4	0	2	0	0	0	1	2	2	1
408	21.0	1	7.775	0	3	1	0	0.0	1	1	0	0	0	0	1	0	0	0
409	21.774238095238097	1	25.4667	1	3	0	3	0.0	2	1	2	0	0	0	0	4	3	1
410	32.25215146299484	1	7.8958	0	3	1	0	0.0	1	2	0	0	0	0	1	0	0	0
411	32.25215146299484	3	6.8583	0	3	1	0	0.0	1	2	0	0	0	0	1	0	0	0
412	33.0	3	90.0	0	1	0	1	1.0	2	2	3	1	78	3	1	1	1	1
413	32.25215146299484	1	0.0	0	2	1	0	0.0	1	2	0	0	0	0	0	0	0	0
414	44.0	1	7.925	0	3	1	0	1.0	1	2	0	0	0	0	0	0	0	0
415	36.99411764705882	1	8.05	0	3	0	0	0.0	3	2	1	0	0	0	0	0	0	0
416	34.0	1	32.5	1	2	0	1	1.0	3	2	3	0	0	0	1	2	2	1
417	18.0	1	13.0	2	2	0	0	1.0	2	1	1	0	0	0	1	2	2	1
418	30.0	1	13.0	0	2	1	0	0.0	1	1	1	0	0	0	1	0	0	0
419	10.0	1	24.15	2	3	0	0	0.0	2	0	2	0	0	0	0	2	2	1
420	32.25215146299484	2	7.8958	0	3	1	0	0.0	1	2	0	0	0	0	1	0	0	0
421	21.0	3	7.7333	0	3	1	0	0.0	1	1	0	0	0	0	1	0	0	0
422	29.0	1	7.875	0	3	1	0	0.0	1	1	0	0	0	0	1	0	0	0
423	28.0	1	14.4	1	3	0	1	0.0	3	1	1	0	0	0	1	2	2	1
424	18.0	1	20.2125	1	3	1	1	0.0	1	1	2	0	0	0	0	2	2	1
425	32.25215146299484	1	7.25	0	3	1	0	0.0	1	2	0	0	0	0	1	0	0	0
426	28.0	1	26.0	0	2	0	1	1.0	3	1	2	0	0	0	0	1	1	1
427	19.0	1	26.0	0	2	0	0	1.0	2	1	2	0	0	0	0	0	0	0
428	32.25215146299484	3	7.75	0	3	1	0	0.0	1	2	0	0	0	0	0	0	0	0
429	32.0	1	8.05	0	3	1	0	1.0	1	2	1	4	10	1	1	0	0	0
430	28.0	1	26.55	0	1	1	0	1.0	1	1	2	1	52	3	1	0	0	0
431	36.99411764705882	1	16.1	0	3	0	1	1.0	3	2	2	0	0	0	1	1	1	1
432	42.0	1	26.0	0	2	0	1	1.0	3	2	2	0	0	0	0	1	1	1
433	17.0	1	7.125	0	3	1	0	0.0	1	1	0	0	0	0	1	0	0	0
434	50.0	1	55.9	0	1	1	1	0.0	1	2	3	4	44	3	0	1	1	1
435	14.0	1	120.0	2	1	0	1	1.0	2	0	3	2	96	4	1	3	3	1
436	21.0	1	34.375	2	3	0	2	0.0	2	1	3	0	0	0	1	4	3	1
437	24.0	1	18.75	3	2	0	2	1.0	3	1	2	0	0	0	1	5	3	1
438	64.0	1	263.0	4	1	1	1	0.0	1	4	3	1	23	2	1	5	3	1
439	31.0	1	10.5	0	2	1	0	0.0	1	2	1	0	0	0	0	0	0	0
440	45.0	1	26.25	1	2	0	1	1.0	3	2	2	0	0	0	0	2	2	1
441	20.0	1	9.5	0	3	1	0	0.0	1	1	1	0	0	0	0	0	0	0
442	25.0	1	7.775	0	3	1	1	0.0	1	1	0	0	0	0	1	1	1	1
443	28.0	1	13.0	0	2	0	0	1.0	2	1	1	0	0	0	1	0	0	0
444	32.25215146299484	1	8.1125	0	3	1	0	1.0	1	2	1	0	0	0	1	0	0	0
445	4.0	1	81.8583	2	1	1	0	1.0	4	0	3	5	34	2	1	2	2	1
446	13.0	1	19.5	1	2	0	0	1.0	2	0	2	0	0	0	1	1	1	1
447	34.0	1	26.55	0	1	1	0	1.0	1	2	2	0	0	0	1	0	0	0
448	5.0	2	19.2583	1	3	0	2	1.0	2	0	2	0	0	0	1	3	3	1
449	52.0	1	30.5	0	1	1	0	1.0	5	3	2	1	104	4	1	0	0	0
450	36.0	1	27.75	2	2	1	1	0.0	1	2	2	0	0	0	0	3	3	1
451	32.25215146299484	1	19.9667	0	3	1	1	0.0	1	2	2	0	0	0	0	1	1	1
452	30.0	2	27.75	0	1	1	0	0.0	1	1	2	1	111	4	0	0	0	0
453	49.0	2	89.1042	0	1	1	1	1.0	1	2	3	1	92	4	0	1	1	1
454	32.25215146299484	1	8.05	0	3	1	0	0.0	1	2	1	0	0	0	0	0	0	0
455	29.0	2	7.8958	0	3	1	0	1.0	1	1	0	0	0	0	1	0	0	0
456	65.0	1	26.55	0	1	1	0	0.0	1	4	2	4	38	2	0	0	0	0
457	36.99411764705882	1	51.8625	0	1	0	1	1.0	3	2	3	3	21	2	1	1	1	1
458	50.0	1	10.5	0	2	0	0	1.0	2	2	1	0	0	0	0	0	0	0
459	32.25215146299484	3	7.75	0	3	1	0	0.0	1	2	0	0	0	0	1	0	0	0
460	48.0	1	26.55	0	1	1	0	1.0	1	2	2	4	12	1	1	0	0	0
461	34.0	1	8.05	0	3	1	0	0.0	1	2	1	0	0	0	1	0	0	0
462	47.0	1	38.5	0	1	1	0	0.0	1	2	3	4	63	3	1	0	0	0
463	48.0	1	13.0	0	2	1	0	0.0	1	2	1	0	0	0	1	0	0	0
464	32.25215146299484	1	8.05	0	3	1	0	0.0	1	2	1	0	0	0	1	0	0	0
465	38.0	1	7.05	0	3	1	0	0.0	1	2	0	0	0	0	1	0	0	0
466	32.25215146299484	1	0.0	0	2	1	0	0.0	1	2	0	0	0	0	0	0	0	0
467	56.0	1	26.55	0	1	1	0	0.0	1	3	2	0	0	0	1	0	0	0
468	32.25215146299484	3	7.725	0	3	1	0	0.0	1	2	0	0	0	0	0	0	0	0
469	0.75	2	19.2583	1	3	0	2	1.0	2	0	2	0	0	0	1	3	3	1
470	32.25215146299484	1	7.25	0	3	1	0	0.0	1	2	0	0	0	0	1	0	0	0
471	38.0	1	8.6625	0	3	1	0	0.0	1	2	1	0	0	0	0	0	0	0
472	33.0	1	27.75	2	2	0	1	1.0	3	2	2	0	0	0	0	3	3	1
473	23.0	2	13.7917	0	2	0	0	1.0	3	1	1	3	0	0	0	0	0	0
474	22.0	1	9.8375	0	3	0	0	0.0	2	1	1	0	0	0	0	0	0	0
475	32.25215146299484	1	52.0	0	1	1	0	0.0	1	2	3	5	14	1	0	0	0	0
476	34.0	1	21.0	0	2	1	1	0.0	1	2	2	0	0	0	0	1	1	1
477	29.0	1	7.0458	0	3	1	1	0.0	1	1	0	0	0	0	1	1	1	1
478	22.0	1	7.5208	0	3	1	0	0.0	1	1	0	0	0	0	1	0	0	0
479	2.0	1	12.2875	1	3	0	0	1.0	2	0	1	0	0	0	1	1	1	1
480	9.0	1	46.9	2	3	1	5	0.0	4	0	3	0	0	0	1	7	3	1
481	32.25215146299484	1	0.0	0	2	1	0	0.0	1	2	0	0	0	0	1	0	0	0
482	50.0	1	8.05	0	3	1	0	0.0	1	2	1	0	0	0	1	0	0	0
483	63.0	1	9.5875	0	3	0	0	1.0	3	4	1	0	0	0	1	0	0	0
484	25.0	2	91.0792	0	1	1	1	1.0	1	1	3	2	49	3	0	1	1	1
485	21.774238095238097	1	25.4667	1	3	0	3	0.0	2	1	2	0	0	0	0	4	3	1
486	35.0	1	90.0	0	1	0	1	1.0	3	2	3	1	93	4	0	1	1	1
487	58.0	2	29.7	0	1	1	0	0.0	1	3	2	2	37	2	0	0	0	0
488	30.0	1	8.05	0	3	1	0	0.0	1	1	1	0	0	0	0	0	0	0
489	9.0	1	15.9	1	3	1	1	1.0	4	0	2	0	0	0	0	2	2	1
490	32.25215146299484	1	19.9667	0	3	1	1	0.0	1	2	2	0	0	0	1	1	1	1
491	21.0	1	7.25	0	3	1	0	0.0	1	1	0	0	0	0	0	0	0	0
492	55.0	1	30.5	0	1	1	0	0.0	1	3	2	1	30	2	0	0	0	0
493	71.0	2	49.5042	0	1	1	0	0.0	1	4	3	0	0	0	0	0	0	0
494	21.0	1	8.05	0	3	1	0	0.0	1	1	1	0	0	0	1	0	0	0
495	32.25215146299484	2	14.4583	0	3	1	0	0.0	1	2	1	0	0	0	0	0	0	0
496	54.0	2	78.2667	0	1	0	1	1.0	2	3	3	3	20	1	0	1	1	1
497	32.25215146299484	1	15.1	0	3	1	0	0.0	1	2	2	0	0	0	1	0	0	0
498	25.0	1	151.55	2	1	0	1	0.0	3	1	3	1	22	2	0	3	3	1
499	24.0	1	7.7958	0	3	1	0	0.0	1	1	0	0	0	0	0	0	0	0
500	17.0	1	8.6625	0	3	1	0	0.0	1	1	1	0	0	0	1	0	0	0
501	21.0	3	7.75	0	3	0	0	0.0	2	1	0	0	0	0	1	0	0	0
502	21.774238095238097	3	7.6292	0	3	0	0	0.0	2	1	0	0	0	0	0	0	0	0
503	37.0	1	9.5875	0	3	0	0	0.0	2	2	1	0	0	0	0	0	0	0
504	16.0	1	86.5	0	1	0	0	1.0	2	1	3	2	79	3	1	0	0	0
505	18.0	2	108.9	0	1	1	1	0.0	1	1	3	1	65	3	1	1	1	1
506	33.0	1	26.0	2	2	0	0	1.0	3	2	2	0	0	0	1	2	2	1
507	32.25215146299484	1	26.55	0	1	1	0	1.0	1	2	2	0	0	0	0	0	0	0
508	28.0	1	22.525	0	3	1	0	0.0	1	1	2	0	0	0	0	0	0	0
509	26.0	1	56.4958	0	3	1	0	1.0	1	1	3	0	0	0	0	0	0	0
510	29.0	3	7.75	0	3	1	0	1.0	1	1	0	0	0	0	0	0	0	0
511	32.25215146299484	1	8.05	0	3	1	0	0.0	1	2	1	0	0	0	1	0	0	0
512	36.0	1	26.2875	0	1	1	0	1.0	1	2	2	4	25	2	0	0	0	0
513	54.0	2	59.4	0	1	0	1	1.0	3	3	3	0	0	0	0	1	1	1
514	24.0	1	7.4958	0	3	1	0	0.0	1	1	0	0	0	0	0	0	0	0
515	47.0	1	34.0208	0	1	1	0	0.0	1	2	3	3	46	3	0	0	0	0
516	34.0	1	10.5	0	2	0	0	1.0	3	2	1	6	33	2	1	0	0	0
517	32.25215146299484	3	24.15	0	3	1	0	0.0	1	2	2	0	0	0	1	0	0	0
518	36.0	1	26.0	0	2	0	1	1.0	3	2	2	0	0	0	0	1	1	1
519	32.0	1	7.8958	0	3	1	0	0.0	1	2	0	0	0	0	1	0	0	0
520	30.0	1	93.5	0	1	0	0	1.0	2	1	3	2	73	3	0	0	0	0
521	22.0	1	7.8958	0	3	1	0	0.0	1	1	0	0	0	0	1	0	0	0
522	32.25215146299484	2	7.225	0	3	1	0	0.0	1	2	0	0	0	0	1	0	0	0
523	44.0	2	57.9792	1	1	0	0	1.0	3	2	3	2	18	1	0	1	1	1
524	32.25215146299484	2	7.2292	0	3	1	0	0.0	1	2	0	0	0	0	1	0	0	0
525	40.5	3	7.75	0	3	1	0	0.0	1	2	0	0	0	0	1	0	0	0
526	50.0	1	10.5	0	2	0	0	1.0	2	2	1	0	0	0	1	0	0	0
527	32.25215146299484	1	221.7792	0	1	1	0	0.0	1	2	3	1	95	4	0	0	0	0
528	39.0	1	7.925	0	3	1	0	0.0	1	2	0	0	0	0	1	0	0	0
529	23.0	1	11.5	1	2	1	2	0.0	1	1	1	0	0	0	1	3	3	1
530	2.0	1	26.0	1	2	0	1	1.0	2	0	2	0	0	0	1	2	2	1
531	32.25215146299484	2	7.2292	0	3	1	0	0.0	1	2	0	0	0	0	0	0	0	0
532	17.0	2	7.2292	1	3	1	1	0.0	1	1	0	0	0	0	1	2	2	1
533	36.99411764705882	2	22.3583	2	3	0	0	1.0	3	2	2	0	0	0	1	2	2	1
534	30.0	1	8.6625	0	3	0	0	0.0	2	1	1	0	0	0	1	0	0	0
535	7.0	1	26.25	2	2	0	0	1.0	2	0	2	0	0	0	0	2	2	1
536	45.0	1	26.55	0	1	1	0	0.0	5	2	2	2	38	2	1	0	0	0
537	30.0	2	106.425	0	1	0	0	1.0	2	1	3	0	0	0	0	0	0	0
538	32.25215146299484	1	14.5	0	3	1	0	0.0	1	2	1	0	0	0	1	0	0	0
539	22.0	2	49.5	2	1	0	0	1.0	2	1	3	2	39	2	1	2	2	1
540	36.0	1	71.0	2	1	0	0	1.0	2	2	3	2	22	2	0	2	2	1
541	9.0	1	31.275	2	3	0	4	0.0	2	0	3	0	0	0	1	6	3	1
542	11.0	1	31.275	2	3	0	4	0.0	2	0	3	0	0	0	1	6	3	1
543	32.0	1	26.0	0	2	1	1	1.0	1	2	2	0	0	0	1	1	1	1
544	50.0	2	106.425	0	1	1	1	0.0	1	2	3	1	86	4	0	1	1	1
545	64.0	1	26.0	0	1	1	0	0.0	1	4	2	0	0	0	0	0	0	0
546	19.0	1	26.0	0	2	0	1	1.0	3	1	2	0	0	0	1	1	1	1
547	32.25215146299484	2	13.8625	0	2	1	0	1.0	1	2	1	0	0	0	1	0	0	0
548	33.0	1	20.525	1	3	1	1	0.0	1	2	2	0	0	0	0	2	2	1
549	8.0	1	36.75	1	2	1	1	1.0	4	0	3	0	0	0	1	2	2	1
550	17.0	2	110.8833	2	1	1	0	1.0	1	1	3	1	70	3	0	2	2	1
551	27.0	1	26.0	0	2	1	0	0.0	1	1	2	0	0	0	1	0	0	0
552	32.25215146299484	3	7.8292	0	3	1	0	0.0	1	2	0	0	0	0	0	0	0	0
553	22.0	2	7.225	0	3	1	0	1.0	1	1	0	0	0	0	1	0	0	0
554	22.0	1	7.775	0	3	0	0	1.0	2	1	0	0	0	0	0	0	0	0
555	62.0	1	26.55	0	1	1	0	0.0	1	4	2	0	0	0	0	0	0	0
556	48.0	2	39.6	0	1	0	1	1.0	3	2	3	5	16	1	0	1	1	1
557	32.25215146299484	2	227.525	0	1	1	0	0.0	1	2	3	0	0	0	0	0	0	0
558	39.0	1	79.65	1	1	0	1	1.0	3	2	3	4	67	3	0	2	2	1
559	36.0	1	17.4	0	3	0	1	1.0	3	2	2	0	0	0	1	1	1	1
560	32.25215146299484	3	7.75	0	3	1	0	0.0	1	2	0	0	0	0	1	0	0	0
561	40.0	1	7.8958	0	3	1	0	0.0	1	2	0	0	0	0	0	0	0	0
562	28.0	1	13.5	0	2	1	0	0.0	1	1	1	0	0	0	0	0	0	0
563	32.25215146299484	1	8.05	0	3	1	0	0.0	1	2	1	0	0	0	1	0	0	0
564	21.774238095238097	1	8.05	0	3	0	0	0.0	2	1	1	0	0	0	0	0	0	0
565	24.0	1	24.15	0	3	1	2	0.0	1	1	2	0	0	0	0	2	2	1
566	19.0	1	7.8958	0	3	1	0	0.0	1	1	0	0	0	0	0	0	0	0
567	29.0	1	21.075	4	3	0	0	0.0	3	1	2	0	0	0	0	4	3	1
568	32.25215146299484	2	7.2292	0	3	1	0	0.0	1	2	0	0	0	0	1	0	0	0
569	32.0	1	7.8542	0	3	1	0	1.0	1	2	0	0	0	0	0	0	0	0
570	62.0	1	10.5	0	2	1	0	1.0	1	4	1	0	0	0	1	0	0	0
571	53.0	1	51.4792	0	1	0	2	1.0	3	3	3	1	101	4	0	2	2	1
572	36.0	1	26.3875	0	1	1	0	1.0	1	2	2	4	25	2	1	0	0	0
573	21.774238095238097	3	7.75	0	3	0	0	1.0	2	1	0	0	0	0	1	0	0	0
574	16.0	1	8.05	0	3	1	0	0.0	1	1	1	0	0	0	0	0	0	0
575	19.0	1	14.5	0	3	1	0	0.0	1	1	1	0	0	0	0	0	0	0
576	34.0	1	13.0	0	2	0	0	1.0	2	2	1	0	0	0	1	0	0	0
577	39.0	1	55.9	0	1	0	1	1.0	3	2	3	4	44	3	0	1	1	1
578	36.99411764705882	2	14.4583	0	3	0	1	0.0	3	2	1	0	0	0	0	1	1	1
579	32.0	1	7.925	0	3	1	0	1.0	1	2	0	0	0	0	1	0	0	0
580	25.0	1	30.0	1	2	0	1	1.0	2	1	2	0	0	0	0	2	2	1
581	39.0	2	110.8833	1	1	0	1	1.0	3	2	3	1	68	3	0	2	2	1
582	54.0	1	26.0	0	2	1	0	0.0	1	3	2	0	0	0	0	0	0	0
583	36.0	2	40.125	0	1	1	0	0.0	1	2	3	5	10	1	0	0	0	0
584	32.25215146299484	2	8.7125	0	3	1	0	0.0	1	2	1	0	0	0	0	0	0	0
585	18.0	1	79.65	2	1	0	0	1.0	2	1	3	4	68	3	0	2	2	1
586	47.0	1	15.0	0	2	1	0	0.0	1	2	1	0	0	0	0	0	0	0
587	60.0	2	79.2	1	1	1	1	1.0	1	3	3	2	41	3	0	2	2	1
588	22.0	1	8.05	0	3	1	0	0.0	1	1	1	0	0	0	0	0	0	0
589	32.25215146299484	1	8.05	0	3	1	0	0.0	1	2	1	0	0	0	0	0	0	0
590	35.0	1	7.125	0	3	1	0	0.0	1	2	0	0	0	0	0	0	0	0
591	52.0	2	78.2667	0	1	0	1	1.0	3	3	3	3	20	1	0	1	1	1
592	47.0	1	7.25	0	3	1	0	0.0	1	2	0	0	0	0	1	0	0	0
593	21.774238095238097	3	7.75	2	3	0	0	0.0	2	1	0	0	0	0	1	2	2	1
594	37.0	1	26.0	0	2	1	1	0.0	1	2	2	0	0	0	0	1	1	1
595	36.0	1	24.15	1	3	1	1	0.0	1	2	2	0	0	0	0	2	2	1
596	21.774238095238097	1	33.0	0	2	0	0	1.0	2	1	3	0	0	0	0	0	0	0
597	49.0	1	0.0	0	3	1	0	0.0	1	2	0	0	0	0	0	0	0	0
598	32.25215146299484	2	7.225	0	3	1	0	0.0	1	2	0	0	0	0	1	0	0	0
599	49.0	2	56.9292	0	1	1	1	1.0	5	2	3	5	20	1	0	1	1	1
600	24.0	1	27.0	1	2	0	2	1.0	3	1	2	0	0	0	0	3	3	1
601	32.25215146299484	1	7.8958	0	3	1	0	0.0	1	2	0	0	0	0	1	0	0	0
602	32.25215146299484	1	42.4	0	1	1	0	0.0	1	2	3	0	0	0	1	0	0	0
603	44.0	1	8.05	0	3	1	0	0.0	1	2	1	0	0	0	0	0	0	0
604	35.0	2	26.55	0	1	1	0	1.0	1	2	2	0	0	0	1	0	0	0
605	36.0	1	15.55	0	3	1	1	0.0	1	2	2	0	0	0	1	1	1	1
606	30.0	1	7.8958	0	3	1	0	0.0	1	1	0	0	0	0	1	0	0	0
607	27.0	1	30.5	0	1	1	0	1.0	1	1	2	0	0	0	1	0	0	0
608	22.0	2	41.5792	2	2	0	1	1.0	3	1	3	0	0	0	0	3	3	1
609	40.0	1	153.4625	0	1	0	0	1.0	2	2	3	1	125	4	1	0	0	0
610	39.0	1	31.275	5	3	0	1	0.0	3	2	3	0	0	0	1	6	3	1
611	32.25215146299484	1	7.05	0	3	1	0	0.0	1	2	0	0	0	0	0	0	0	0
612	21.774238095238097	3	15.5	0	3	0	1	1.0	2	1	2	0	0	0	1	1	1	1
613	32.25215146299484	3	7.75	0	3	1	0	0.0	1	2	0	0	0	0	0	0	0	0
614	35.0	1	8.05	0	3	1	0	0.0	1	2	1	0	0	0	1	0	0	0
615	24.0	1	65.0	2	2	0	1	1.0	2	1	3	0	0	0	0	3	3	1
616	34.0	1	14.4	1	3	1	1	0.0	1	2	1	0	0	0	1	2	2	1
617	26.0	1	16.1	0	3	0	1	0.0	3	1	2	0	0	0	1	1	1	1
618	4.0	1	39.0	1	2	0	2	1.0	2	0	3	6	4	1	1	3	3	1
619	26.0	1	10.5	0	2	1	0	0.0	1	1	1	0	0	0	1	0	0	0
620	27.0	2	14.4542	0	3	1	1	0.0	1	1	1	0	0	0	0	1	1	1
621	42.0	1	52.5542	0	1	1	1	1.0	1	2	3	3	19	1	0	1	1	1
622	20.0	2	15.7417	1	3	1	1	1.0	1	1	2	0	0	0	0	2	2	1
623	21.0	1	7.8542	0	3	1	0	0.0	1	1	0	0	0	0	0	0	0	0
624	21.0	1	16.1	0	3	1	0	0.0	1	1	2	0	0	0	1	0	0	0
625	61.0	1	32.3208	0	1	1	0	0.0	1	4	3	3	50	3	0	0	0	0
626	57.0	3	12.35	0	2	1	0	0.0	5	3	1	0	0	0	0	0	0	0
627	21.0	1	77.9583	0	1	0	0	1.0	2	1	3	3	9	1	1	0	0	0
628	26.0	1	7.8958	0	3	1	0	0.0	1	1	0	0	0	0	1	0	0	0
629	32.25215146299484	3	7.7333	0	3	1	0	0.0	1	2	0	0	0	0	1	0	0	0
630	80.0	1	30.0	0	1	1	0	1.0	1	4	2	5	23	2	1	0	0	0
631	51.0	1	7.0542	0	3	1	0	0.0	1	3	0	0	0	0	0	0	0	0
632	32.0	2	30.5	0	1	1	0	1.0	5	2	2	2	50	3	1	0	0	0
633	32.25215146299484	1	0.0	0	1	1	0	0.0	1	2	0	0	0	0	1	0	0	0
634	9.0	1	27.9	2	3	0	3	0.0	2	0	2	0	0	0	1	5	3	1
635	28.0	1	13.0	0	2	0	0	1.0	2	1	1	0	0	0	1	0	0	0
636	32.0	1	7.925	0	3	1	0	0.0	1	2	0	0	0	0	1	0	0	0
637	31.0	1	26.25	1	2	1	1	0.0	1	2	2	0	0	0	0	2	2	1
638	41.0	1	39.6875	5	3	0	0	0.0	3	2	3	0	0	0	0	5	3	1
639	32.25215146299484	1	16.1	0	3	1	1	0.0	1	2	2	0	0	0	1	1	1	1
640	20.0	1	7.8542	0	3	1	0	0.0	1	1	0	0	0	0	1	0	0	0
641	24.0	2	69.3	0	1	0	0	1.0	2	1	3	2	35	2	0	0	0	0
642	2.0	1	27.9	2	3	0	3	0.0	2	0	2	0	0	0	1	5	3	1
643	32.25215146299484	1	56.4958	0	3	1	0	1.0	1	2	3	0	0	0	0	0	0	0
644	0.75	2	19.2583	1	3	0	2	1.0	2	0	2	0	0	0	1	3	3	1
645	48.0	2	76.7292	0	1	1	1	1.0	1	2	3	3	33	2	1	1	1	1
646	19.0	1	7.8958	0	3	1	0	0.0	1	1	0	0	0	0	0	0	0	0
647	56.0	2	35.5	0	1	1	0	1.0	5	3	3	5	26	2	0	0	0	0
648	32.25215146299484	1	7.55	0	3	1	0	0.0	1	2	0	0	0	0	0	0	0	0
649	23.0	1	7.55	0	3	0	0	1.0	2	1	0	0	0	0	1	0	0	0
650	32.25215146299484	1	7.8958	0	3	1	0	0.0	1	2	0	0	0	0	0	0	0	0
651	18.0	1	23.0	1	2	0	0	1.0	2	1	2	0	0	0	0	1	1	1
652	21.0	1	8.4333	0	3	1	0	0.0	1	1	1	0	0	0	0	0	0	0
653	21.774238095238097	3	7.8292	0	3	0	0	1.0	2	1	0	0	0	0	0	0	0	0
654	18.0	3	6.75	0	3	0	0	0.0	2	1	0	0	0	0	1	0	0	0
655	24.0	1	73.5	0	2	1	2	0.0	1	1	3	0	0	0	0	2	2	1
656	32.25215146299484	1	7.8958	0	3	1	0	0.0	1	2	0	0	0	0	0	0	0	0
657	32.0	3	15.5	1	3	0	1	0.0	3	2	2	0	0	0	0	2	2	1
658	23.0	1	13.0	0	2	1	0	0.0	1	1	1	0	0	0	0	0	0	0
659	58.0	2	113.275	2	1	1	0	0.0	1	3	3	3	48	3	0	2	2	1
660	50.0	1	133.65	0	1	1	2	1.0	5	2	3	0	0	0	0	2	2	1
661	40.0	2	7.225	0	3	1	0	0.0	1	2	0	0	0	0	0	0	0	0
662	47.0	1	25.5875	0	1	1	0	0.0	1	2	2	4	58	3	0	0	0	0
663	36.0	1	7.4958	0	3	1	0	0.0	1	2	0	0	0	0	1	0	0	0
664	20.0	1	7.925	0	3	1	1	1.0	1	1	0	0	0	0	0	1	1	1
665	32.0	1	73.5	0	2	1	2	0.0	1	2	3	0	0	0	0	2	2	1
666	25.0	1	13.0	0	2	1	0	0.0	1	1	1	0	0	0	1	0	0	0
667	32.25215146299484	1	7.775	0	3	1	0	0.0	1	2	0	0	0	0	0	0	0	0
668	43.0	1	8.05	0	3	1	0	0.0	1	2	1	0	0	0	1	0	0	0
669	36.99411764705882	1	52.0	0	1	0	1	1.0	3	2	3	1	126	4	1	1	1	1
670	40.0	1	39.0	1	2	0	1	1.0	3	2	3	0	0	0	1	2	2	1
671	31.0	1	52.0	0	1	1	1	0.0	1	2	3	2	71	3	1	1	1	1
672	70.0	1	10.5	0	2	1	0	0.0	1	4	1	0	0	0	1	0	0	0
673	31.0	1	13.0	0	2	1	0	1.0	1	2	1	0	0	0	1	0	0	0
674	32.25215146299484	1	0.0	0	2	1	0	0.0	1	2	0	0	0	0	1	0	0	0
675	18.0	1	7.775	0	3	1	0	0.0	1	1	0	0	0	0	1	0	0	0
676	24.5	1	8.05	0	3	1	0	0.0	1	1	1	0	0	0	1	0	0	0
677	18.0	1	9.8417	0	3	0	0	1.0	2	1	1	0	0	0	1	0	0	0
678	43.0	1	46.9	6	3	0	1	0.0	3	2	3	0	0	0	1	7	3	1
679	36.0	2	512.3292	1	1	1	0	1.0	1	2	3	2	51	3	0	1	1	1
680	21.774238095238097	3	8.1375	0	3	0	0	0.0	2	1	1	0	0	0	0	0	0	0
681	27.0	2	76.7292	0	1	1	0	1.0	1	1	3	3	49	3	1	0	0	0
682	20.0	1	9.225	0	3	1	0	0.0	1	1	1	0	0	0	0	0	0	0
683	14.0	1	46.9	2	3	1	5	0.0	1	0	3	0	0	0	1	7	3	1
684	60.0	1	39.0	1	2	1	1	0.0	1	3	3	0	0	0	1	2	2	1
685	25.0	2	41.5792	2	2	1	1	0.0	1	1	3	0	0	0	0	3	3	1
686	14.0	1	39.6875	1	3	1	4	0.0	1	0	3	0	0	0	0	5	3	1
687	19.0	1	10.1708	0	3	1	0	0.0	1	1	1	0	0	0	1	0	0	0
688	18.0	1	7.7958	0	3	1	0	0.0	1	1	0	0	0	0	1	0	0	0
689	15.0	1	211.3375	1	1	0	0	1.0	2	1	3	2	5	1	1	1	1	1
690	31.0	1	57.0	0	1	1	1	1.0	1	2	3	2	20	1	1	1	1	1
691	4.0	2	13.4167	1	3	0	0	1.0	2	0	1	0	0	0	1	1	1	1
692	32.25215146299484	1	56.4958	0	3	1	0	1.0	1	2	3	0	0	0	0	0	0	0
693	25.0	2	7.225	0	3	1	0	0.0	1	1	0	0	0	0	1	0	0	0
694	60.0	1	26.55	0	1	1	0	0.0	5	3	2	0	0	0	1	0	0	0
695	52.0	1	13.5	0	2	1	0	0.0	1	3	1	0	0	0	0	0	0	0
696	44.0	1	8.05	0	3	1	0	0.0	1	2	1	0	0	0	1	0	0	0
697	21.774238095238097	3	7.7333	0	3	0	0	1.0	2	1	0	0	0	0	1	0	0	0
698	49.0	2	110.8833	1	1	1	1	0.0	1	2	3	1	68	3	0	2	2	1
699	42.0	1	7.65	0	3	1	0	0.0	1	2	0	6	63	3	0	0	0	0
700	18.0	2	227.525	0	1	0	1	1.0	3	1	3	1	62	3	0	1	1	1
701	35.0	1	26.2875	0	1	1	0	1.0	1	2	2	4	24	2	0	0	0	0
702	18.0	2	14.4542	1	3	0	0	0.0	2	1	1	0	0	0	0	1	1	1
703	25.0	3	7.7417	0	3	1	0	0.0	1	1	0	0	0	0	1	0	0	0
704	26.0	1	7.8542	0	3	1	1	0.0	1	1	0	0	0	0	0	1	1	1
705	39.0	1	26.0	0	2	1	0	0.0	1	2	2	0	0	0	0	0	0	0
706	45.0	1	13.5	0	2	0	0	1.0	3	2	1	0	0	0	1	0	0	0
707	42.0	1	26.2875	0	1	1	0	1.0	1	2	2	4	24	2	1	0	0	0
708	22.0	1	151.55	0	1	0	0	1.0	2	1	3	0	0	0	0	0	0	0
709	5.482641509433963	2	15.2458	1	3	1	1	1.0	4	0	2	0	0	0	0	2	2	1
710	24.0	2	49.5042	0	1	0	0	1.0	2	1	3	1	90	4	1	0	0	0
711	32.25215146299484	1	26.55	0	1	1	0	0.0	1	2	2	1	124	4	1	0	0	0
712	48.0	1	52.0	0	1	1	1	1.0	1	2	3	1	126	4	1	1	1	1
713	29.0	1	9.4833	0	3	1	0	0.0	1	1	1	0	0	0	0	0	0	0
714	52.0	1	13.0	0	2	1	0	0.0	1	3	1	0	0	0	0	0	0	0
715	19.0	1	7.65	0	3	1	0	0.0	1	1	0	6	73	3	1	0	0	0
716	38.0	2	227.525	0	1	0	0	1.0	2	2	3	1	45	3	0	0	0	0
717	27.0	1	10.5	0	2	0	0	1.0	2	1	1	4	101	4	1	0	0	0
718	32.25215146299484	3	15.5	0	3	1	0	0.0	1	2	2	0	0	0	1	0	0	0
719	33.0	1	7.775	0	3	1	0	0.0	1	2	0	0	0	0	1	0	0	0
720	6.0	1	33.0	1	2	0	0	1.0	2	0	3	0	0	0	0	1	1	1
721	17.0	1	7.0542	0	3	1	1	0.0	1	1	0	0	0	0	1	1	1	1
722	34.0	1	13.0	0	2	1	0	0.0	1	2	1	0	0	0	0	0	0	0
723	50.0	1	13.0	0	2	1	0	0.0	1	2	1	0	0	0	0	0	0	0
724	27.0	1	53.1	0	1	1	1	1.0	1	1	3	4	8	1	1	1	1	1
725	20.0	1	8.6625	0	3	1	0	0.0	1	1	1	0	0	0	1	0	0	0
726	30.0	1	21.0	0	2	0	3	1.0	3	1	2	0	0	0	0	3	3	1
727	21.774238095238097	3	7.7375	0	3	0	0	1.0	2	1	0	0	0	0	1	0	0	0
728	25.0	1	26.0	0	2	1	1	0.0	1	1	2	0	0	0	0	1	1	1
729	25.0	1	7.925	0	3	0	1	0.0	2	1	0	0	0	0	0	1	1	1
730	29.0	1	211.3375	0	1	0	0	1.0	2	1	3	2	5	1	1	0	0	0
731	11.0	2	18.7875	0	3	1	0	0.0	1	0	2	0	0	0	0	0	0	0
732	32.25215146299484	1	0.0	0	2	1	0	0.0	1	2	0	0	0	0	0	0	0	0
733	23.0	1	13.0	0	2	1	0	0.0	1	1	1	0	0	0	0	0	0	0
734	23.0	1	13.0	0	2	1	0	0.0	1	1	1	0	0	0	0	0	0	0
735	28.5	1	16.1	0	3	1	0	0.0	1	1	2	0	0	0	1	0	0	0
736	48.0	1	34.375	3	3	0	1	0.0	3	2	3	0	0	0	1	4	3	1
737	35.0	2	512.3292	0	1	1	0	1.0	1	2	3	2	101	4	0	0	0	0
738	32.25215146299484	1	7.8958	0	3	1	0	0.0	1	2	0	0	0	0	0	0	0	0
739	32.25215146299484	1	7.8958	0	3	1	0	0.0	1	2	0	0	0	0	1	0	0	0
740	32.25215146299484	1	30.0	0	1	1	0	1.0	1	2	2	3	45	3	1	0	0	0
741	36.0	1	78.85	0	1	1	1	0.0	1	2	3	1	46	3	0	1	1	1
742	21.0	2	262.375	2	1	0	2	1.0	2	1	3	2	57	3	1	4	3	1
743	24.0	1	16.1	0	3	1	1	0.0	1	1	2	0	0	0	1	1	1	1
744	31.0	1	7.925	0	3	1	0	1.0	1	2	0	0	0	0	1	0	0	0
745	70.0	1	71.0	1	1	1	1	0.0	5	4	3	2	22	2	0	2	2	1
746	16.0	1	20.25	1	3	1	1	0.0	1	1	2	0	0	0	0	2	2	1
747	30.0	1	13.0	0	2	0	0	1.0	2	1	1	0	0	0	1	0	0	0
748	19.0	1	53.1	0	1	1	1	0.0	1	1	3	3	30	2	0	1	1	1
749	31.0	3	7.75	0	3	1	0	0.0	1	2	0	0	0	0	0	0	0	0
750	4.0	1	23.0	1	2	0	1	1.0	2	0	2	0	0	0	0	2	2	1
751	6.0	1	12.475	1	3	1	0	1.0	4	0	1	4	121	4	1	1	1	1
752	33.0	1	9.5	0	3	1	0	0.0	1	2	1	0	0	0	1	0	0	0
753	23.0	1	7.8958	0	3	1	0	0.0	1	1	0	0	0	0	1	0	0	0
754	48.0	1	65.0	2	2	0	1	1.0	3	2	3	0	0	0	0	3	3	1
755	0.67	1	14.5	1	2	1	1	1.0	4	0	1	0	0	0	0	2	2	1
756	28.0	1	7.7958	0	3	1	0	0.0	1	1	0	0	0	0	1	0	0	0
757	18.0	1	11.5	0	2	1	0	0.0	1	1	1	0	0	0	1	0	0	0
758	34.0	1	8.05	0	3	1	0	0.0	1	2	1	0	0	0	1	0	0	0
759	33.0	1	86.5	0	1	0	0	1.0	3	2	3	2	77	3	1	0	0	0
760	32.25215146299484	1	14.5	0	3	1	0	0.0	1	2	1	0	0	0	0	0	0	0
761	41.0	1	7.125	0	3	1	0	0.0	1	2	0	0	0	0	1	0	0	0
762	20.0	2	7.2292	0	3	1	0	1.0	1	1	0	0	0	0	0	0	0	0
763	36.0	1	120.0	2	1	0	1	1.0	3	2	3	2	96	4	1	3	3	1
764	16.0	1	7.775	0	3	1	0	0.0	1	1	0	0	0	0	1	0	0	0
765	51.0	1	77.9583	0	1	0	1	1.0	3	3	3	3	11	1	1	1	1	1
766	43.57142857142857	2	39.6	0	1	1	0	0.0	5	2	3	0	0	0	0	0	0	0
767	30.5	3	7.75	0	3	0	0	0.0	2	2	0	0	0	0	1	0	0	0
768	32.25215146299484	3	24.15	0	3	1	1	0.0	1	2	2	0	0	0	1	1	1	1
769	32.0	1	8.3625	0	3	1	0	0.0	1	2	1	0	0	0	0	0	0	0
770	24.0	1	9.5	0	3	1	0	0.0	1	1	1	0	0	0	0	0	0	0
771	48.0	1	7.8542	0	3	1	0	0.0	1	2	0	0	0	0	0	0	0	0
772	57.0	1	10.5	0	2	0	0	0.0	3	3	1	4	77	3	0	0	0	0
773	32.25215146299484	2	7.225	0	3	1	0	0.0	1	2	0	0	0	0	1	0	0	0
774	54.0	1	23.0	3	2	0	1	1.0	3	3	2	0	0	0	0	4	3	1
775	18.0	1	7.75	0	3	1	0	0.0	1	1	0	0	0	0	1	0	0	0
776	32.25215146299484	3	7.75	0	3	1	0	0.0	1	2	0	6	38	2	0	0	0	0
777	5.0	1	12.475	0	3	0	0	1.0	2	0	1	0	0	0	1	0	0	0
778	32.25215146299484	3	7.7375	0	3	1	0	0.0	1	2	0	0	0	0	0	0	0	0
779	43.0	1	211.3375	1	1	0	0	1.0	3	2	3	2	3	1	1	1	1	1
780	13.0	2	7.2292	0	3	0	0	1.0	2	0	0	0	0	0	0	0	0	0
781	17.0	1	57.0	0	1	0	1	1.0	3	1	3	2	20	1	1	1	1	1
782	29.0	1	30.0	0	1	1	0	0.0	1	1	2	3	6	1	0	0	0	0
783	32.25215146299484	1	23.45	2	3	1	1	0.0	1	2	2	0	0	0	0	3	3	1
784	25.0	1	7.05	0	3	1	0	0.0	1	1	0	0	0	0	1	0	0	0
785	25.0	1	7.25	0	3	1	0	0.0	1	1	0	0	0	0	0	0	0	0
786	18.0	1	7.4958	0	3	0	0	1.0	2	1	0	0	0	0	0	0	0	0
787	8.0	3	29.125	1	3	1	4	0.0	4	0	2	0	0	0	1	5	3	1
788	1.0	1	20.575	2	3	1	1	1.0	4	0	2	0	0	0	0	3	3	1
789	46.0	2	79.2	0	1	1	0	0.0	1	2	3	2	82	4	0	0	0	0
790	32.25215146299484	3	7.75	0	3	1	0	0.0	1	2	0	0	0	0	1	0	0	0
791	16.0	1	26.0	0	2	1	0	0.0	1	1	2	0	0	0	0	0	0	0
792	21.774238095238097	1	69.55	2	3	0	8	0.0	2	1	3	0	0	0	0	10	3	1
793	32.25215146299484	2	30.6958	0	1	1	0	0.0	1	2	2	0	0	0	1	0	0	0
794	25.0	1	7.8958	0	3	1	0	0.0	1	1	0	0	0	0	0	0	0	0
795	39.0	1	13.0	0	2	1	0	0.0	1	2	1	0	0	0	0	0	0	0
796	49.0	1	25.9292	0	1	0	0	1.0	5	2	2	3	17	1	0	0	0	0
797	31.0	1	8.6833	0	3	0	0	1.0	3	2	1	0	0	0	1	0	0	0
798	30.0	2	7.2292	0	3	1	0	0.0	1	1	0	0	0	0	0	0	0	0
799	30.0	1	24.15	1	3	0	1	0.0	3	1	2	0	0	0	0	2	2	1
800	34.0	1	13.0	0	2	1	0	0.0	1	2	1	0	0	0	0	0	0	0
801	31.0	1	26.25	1	2	0	1	1.0	3	2	2	0	0	0	0	2	2	1
802	11.0	1	120.0	2	1	1	1	1.0	4	0	3	2	96	4	1	3	3	1
803	0.42	2	8.5167	1	3	1	0	1.0	4	0	1	0	0	0	0	1	1	1
804	27.0	1	6.975	0	3	1	0	1.0	1	1	0	0	0	0	0	0	0	0
805	31.0	1	7.775	0	3	1	0	0.0	1	2	0	0	0	0	0	0	0	0
806	39.0	1	0.0	0	1	1	0	0.0	1	2	0	5	36	2	1	0	0	0
807	18.0	1	7.775	0	3	0	0	0.0	2	1	0	0	0	0	0	0	0	0
808	39.0	1	13.0	0	2	1	0	0.0	1	2	1	0	0	0	0	0	0	0
809	33.0	1	53.1	0	1	0	1	1.0	3	2	3	4	8	1	1	1	1	1
810	26.0	1	7.8875	0	3	1	0	0.0	1	1	0	0	0	0	1	0	0	0
811	39.0	1	24.15	0	3	1	0	0.0	1	2	2	0	0	0	0	0	0	0
812	35.0	1	10.5	0	2	1	0	0.0	1	2	1	0	0	0	1	0	0	0
813	6.0	1	31.275	2	3	0	4	0.0	2	0	3	0	0	0	1	6	3	1
814	30.5	1	8.05	0	3	1	0	0.0	1	2	1	0	0	0	0	0	0	0
815	32.25215146299484	1	0.0	0	1	1	0	0.0	1	2	0	2	102	4	1	0	0	0
816	23.0	1	7.925	0	3	0	0	0.0	2	1	0	0	0	0	1	0	0	0
817	31.0	2	37.0042	1	2	1	1	0.0	1	2	3	0	0	0	0	2	2	1
818	43.0	1	6.45	0	3	1	0	0.0	1	2	0	0	0	0	0	0	0	0
819	10.0	1	27.9	2	3	1	3	0.0	4	0	2	0	0	0	1	5	3	1
820	52.0	1	93.5	1	1	0	1	1.0	3	3	3	2	69	3	0	2	2	1
821	27.0	1	8.6625	0	3	1	0	1.0	1	1	1	0	0	0	1	0	0	0
822	38.0	1	0.0	0	1	1	0	0.0	5	2	0	0	0	0	1	0	0	0
823	27.0	1	12.475	1	3	0	0	1.0	3	1	1	4	121	4	1	1	1	1
824	2.0	1	39.6875	1	3	1	4	0.0	4	0	3	0	0	0	0	5	3	1
825	32.25215146299484	3	6.95	0	3	1	0	0.0	1	2	0	0	0	0	0	0	0	0
826	32.25215146299484	1	56.4958	0	3	1	0	0.0	1	2	3	0	0	0	0	0	0	0
827	1.0	2	37.0042	2	2	1	0	1.0	4	0	3	0	0	0	0	2	2	1
828	32.25215146299484	3	7.75	0	3	1	0	1.0	1	2	0	0	0	0	1	0	0	0
829	62.0	1	80.0	0	1	0	0	1.0	3	4	3	2	28	2	1	0	0	0
830	15.0	2	14.4542	0	3	0	1	1.0	3	1	1	0	0	0	0	1	1	1
831	0.83	1	18.75	1	2	1	1	1.0	4	0	2	0	0	0	1	2	2	1
832	32.25215146299484	2	7.2292	0	3	1	0	0.0	1	2	0	0	0	0	0	0	0	0
833	23.0	1	7.8542	0	3	1	0	0.0	1	1	0	0	0	0	1	0	0	0
834	18.0	1	8.3	0	3	1	0	0.0	1	1	1	0	0	0	0	0	0	0
835	39.0	2	83.1583	1	1	0	1	1.0	2	2	3	4	49	3	1	2	2	1
836	21.0	1	8.6625	0	3	1	0	0.0	1	1	1	0	0	0	0	0	0	0
837	32.25215146299484	1	8.05	0	3	1	0	0.0	1	2	1	0	0	0	1	0	0	0
838	32.0	1	56.4958	0	3	1	0	1.0	1	2	3	0	0	0	0	0	0	0
839	32.25215146299484	2	29.7	0	1	1	0	1.0	1	2	2	1	47	3	1	0	0	0
840	20.0	1	7.925	0	3	1	0	0.0	1	1	0	0	0	0	0	0	0	0
841	16.0	1	10.5	0	2	1	0	0.0	1	1	1	0	0	0	0	0	0	0
842	30.0	2	31.0	0	1	0	0	1.0	2	1	2	0	0	0	1	0	0	0
843	34.5	2	6.4375	0	3	1	0	0.0	1	2	0	0	0	0	0	0	0	0
844	17.0	1	8.6625	0	3	1	0	0.0	1	1	1	0	0	0	1	0	0	0
845	42.0	1	7.55	0	3	1	0	0.0	1	2	0	0	0	0	0	0	0	0
846	32.25215146299484	1	69.55	2	3	1	8	0.0	1	2	3	0	0	0	0	10	3	1
847	35.0	2	7.8958	0	3	1	0	0.0	1	2	0	0	0	0	0	0	0	0
848	28.0	1	33.0	1	2	1	0	0.0	5	1	3	0	0	0	0	1	1	1
849	36.99411764705882	2	89.1042	0	1	0	1	1.0	3	2	3	1	92	4	0	1	1	1
850	4.0	1	31.275	2	3	1	4	0.0	4	0	3	0	0	0	1	6	3	1
851	74.0	1	7.775	0	3	1	0	0.0	1	4	0	0	0	0	1	0	0	0
852	9.0	2	15.2458	1	3	0	1	0.0	2	0	2	0	0	0	1	2	2	1
853	16.0	1	39.4	1	1	0	0	1.0	2	1	3	3	28	2	1	1	1	1
854	44.0	1	26.0	0	2	0	1	0.0	3	2	2	0	0	0	1	1	1	1
855	18.0	1	9.35	1	3	0	0	1.0	3	1	1	0	0	0	0	1	1	1
856	45.0	1	164.8667	1	1	0	1	1.0	3	2	3	0	0	0	1	2	2	1
857	51.0	1	26.55	0	1	1	0	1.0	1	3	2	4	17	1	0	0	0	0
858	24.0	2	19.2583	3	3	0	0	1.0	3	1	2	0	0	0	1	3	3	1
859	32.25215146299484	2	7.2292	0	3	1	0	0.0	1	2	0	0	0	0	0	0	0	0
860	41.0	1	14.1083	0	3	1	2	0.0	1	2	1	0	0	0	1	2	2	1
861	21.0	1	11.5	0	2	1	1	0.0	1	1	1	0	0	0	1	1	1	1
862	48.0	1	25.9292	0	1	0	0	1.0	3	2	2	3	17	1	1	0	0	0
863	21.774238095238097	1	69.55	2	3	0	8	0.0	2	1	3	0	0	0	0	10	3	1
864	24.0	1	13.0	0	2	1	0	0.0	1	1	1	0	0	0	1	0	0	0
865	42.0	1	13.0	0	2	0	0	1.0	3	2	1	0	0	0	1	0	0	0
866	27.0	2	13.8583	0	2	0	1	1.0	2	1	1	0	0	0	0	1	1	1
867	31.0	1	50.4958	0	1	1	0	0.0	1	2	3	5	24	2	1	0	0	0
868	32.25215146299484	1	9.5	0	3	1	0	0.0	1	2	1	0	0	0	0	0	0	0
869	4.0	1	11.1333	1	3	1	1	1.0	4	0	1	0	0	0	1	2	2	1
870	26.0	1	7.8958	0	3	1	0	0.0	1	1	0	0	0	0	1	0	0	0
871	47.0	1	52.5542	1	1	0	1	1.0	3	2	3	3	35	2	0	2	2	1
872	33.0	1	5.0	0	1	1	0	0.0	1	2	0	2	51	3	0	0	0	0
873	47.0	1	9.0	0	3	1	0	0.0	1	2	1	0	0	0	0	0	0	0
874	28.0	2	24.0	0	2	0	1	1.0	3	1	2	0	0	0	0	1	1	1
875	15.0	2	7.225	0	3	0	0	1.0	2	1	0	0	0	0	0	0	0	0
876	20.0	1	9.8458	0	3	1	0	0.0	1	1	1	0	0	0	1	0	0	0
877	19.0	1	7.8958	0	3	1	0	0.0	1	1	0	0	0	0	1	0	0	0
878	32.25215146299484	1	7.8958	0	3	1	0	0.0	1	2	0	0	0	0	0	0	0	0
879	56.0	2	83.1583	1	1	0	0	1.0	3	3	3	1	50	3	0	1	1	1
880	25.0	1	26.0	1	2	0	0	1.0	3	1	2	0	0	0	0	1	1	1
881	33.0	1	7.8958	0	3	1	0	0.0	1	2	0	0	0	0	0	0	0	0
882	22.0	1	10.5167	0	3	0	0	0.0	2	1	1	0	0	0	1	0	0	0
883	28.0	1	10.5	0	2	1	0	0.0	1	1	1	0	0	0	1	0	0	0
884	25.0	1	7.05	0	3	1	0	0.0	1	1	0	0	0	0	1	0	0	0
885	39.0	3	29.125	5	3	0	0	0.0	3	2	2	0	0	0	1	5	3	1
886	27.0	1	13.0	0	2	1	0	0.0	5	1	1	0	0	0	1	0	0	0
887	19.0	1	30.0	0	1	0	0	1.0	2	1	2	2	42	3	0	0	0	0
888	21.774238095238097	1	23.45	2	3	0	1	0.0	2	1	2	0	0	0	0	3	3	1
889	26.0	2	30.0	0	1	1	0	1.0	1	1	2	1	148	4	0	0	0	0
890	32.0	3	7.75	0	3	1	0	0.0	1	2	0	0	0	0	1	0	0	0
0	34.5	3	7.8292	0	3	1	0		1	2	0	0	0	0	0	0	0	0
1	47.0	1	7.0	0	3	0	1		3	2	0	0	0	0	1	1	1	1
2	62.0	3	9.6875	0	2	1	0		1	4	1	0	0	0	1	0	0	0
3	27.0	1	8.6625	0	3	1	0		1	1	1	0	0	0	1	0	0	0
4	22.0	1	12.2875	1	3	0	1		3	1	1	0	0	0	1	2	2	1
5	14.0	1	9.225	0	3	1	0		1	0	1	0	0	0	1	0	0	0
6	30.0	3	7.6292	0	3	0	0		2	1	0	0	0	0	1	0	0	0
7	26.0	1	29.0	1	2	1	1		1	1	2	0	0	0	1	2	2	1
8	18.0	2	7.2292	0	3	0	0		3	1	0	0	0	0	0	0	0	0
9	21.0	1	24.15	0	3	1	2		1	1	2	0	0	0	0	2	2	1
10	32.25215146299484	1	7.8958	0	3	1	0		1	2	0	0	0	0	1	0	0	0
11	46.0	1	26.0	0	1	1	0		1	2	2	0	0	0	1	0	0	0
12	23.0	1	82.2667	0	1	0	1		3	1	3	2	45	3	1	1	1	1
13	63.0	1	26.0	0	2	1	1		1	4	2	0	0	0	0	1	1	1
14	47.0	1	61.175	0	1	0	1		3	2	3	4	31	2	1	1	1	1
15	24.0	2	27.7208	0	2	0	1		3	1	2	0	0	0	0	1	1	1
16	35.0	3	12.35	0	2	1	0		1	2	1	0	0	0	1	0	0	0
17	21.0	2	7.225	0	3	1	0		1	1	0	0	0	0	1	0	0	0
18	27.0	1	7.925	0	3	0	1		2	1	0	0	0	0	1	1	1	1
19	45.0	2	7.225	0	3	0	0		3	2	0	0	0	0	1	0	0	0
20	55.0	2	59.4	0	1	1	1		1	3	3	0	0	0	0	1	1	1
21	9.0	1	3.1708	1	3	1	0		4	0	0	0	0	0	1	1	1	1
22	36.99411764705882	1	31.6833	0	1	0	0		3	2	3	0	0	0	1	0	0	0
23	21.0	2	61.3792	1	1	1	0		1	1	3	0	0	0	0	1	1	1
24	48.0	2	262.375	3	1	0	1		3	2	3	2	57	3	1	4	3	1
25	50.0	1	14.5	0	3	1	1		1	2	1	0	0	0	0	1	1	1
26	22.0	2	61.9792	1	1	0	0		2	1	3	2	36	2	0	1	1	1
27	22.5	2	7.225	0	3	1	0		1	1	0	0	0	0	1	0	0	0
28	41.0	1	30.5	0	1	1	0		1	2	2	5	21	2	1	0	0	0
29	32.25215146299484	2	21.6792	0	3	1	2		1	2	2	0	0	0	1	2	2	1
30	50.0	1	26.0	0	2	1	1		1	2	2	0	0	0	0	1	1	1
31	24.0	1	31.5	0	2	1	2		1	1	3	0	0	0	0	2	2	1
32	33.0	1	20.575	2	3	0	1		3	2	2	0	0	0	0	3	3	1
33	36.99411764705882	1	23.45	2	3	0	1		3	2	2	0	0	0	0	3	3	1
34	30.0	2	57.75	0	1	1	1		1	1	3	1	78	3	1	1	1	1
35	18.5	2	7.2292	0	3	1	0		1	1	0	0	0	0	1	0	0	0
36	21.774238095238097	1	8.05	0	3	0	0		2	1	1	0	0	0	1	0	0	0
37	21.0	1	8.6625	0	3	0	0		2	1	1	0	0	0	0	0	0	0
38	25.0	1	9.5	0	3	1	0		1	1	1	0	0	0	1	0	0	0
39	32.25215146299484	1	56.4958	0	3	1	0		1	2	3	0	0	0	0	0	0	0
40	39.0	2	13.4167	1	3	1	0		1	2	1	0	0	0	1	1	1	1
41	32.25215146299484	1	26.55	0	1	1	0		1	2	2	3	34	2	1	0	0	0
42	41.0	1	7.85	0	3	1	0		1	2	0	0	0	0	0	0	0	0
43	30.0	1	13.0	0	2	0	0		3	1	1	0	0	0	0	0	0	0
44	45.0	1	52.5542	0	1	0	1		3	2	3	3	19	1	0	1	1	1
45	25.0	1	7.925	0	3	1	0		1	1	0	0	0	0	0	0	0	0
46	45.0	2	29.7	0	1	1	0		1	2	2	5	9	1	1	0	0	0
47	32.25215146299484	3	7.75	0	3	1	0		1	2	0	0	0	0	1	0	0	0
48	60.0	2	76.2917	0	1	0	0		3	3	3	3	15	1	0	0	0	0
49	36.0	1	15.9	2	3	0	0		3	2	2	0	0	0	0	2	2	1
50	24.0	1	60.0	0	1	1	1		1	1	3	1	31	2	0	1	1	1
51	27.0	2	15.0333	0	2	1	0		1	1	2	0	0	0	1	0	0	0
52	20.0	1	23.0	1	2	0	2		2	1	2	0	0	0	0	3	3	1
53	28.0	1	263.0	2	1	0	3		2	1	3	1	23	2	1	5	3	1
54	32.25215146299484	2	15.5792	0	2	1	0		1	2	2	0	0	0	0	0	0	0
55	10.0	3	29.125	1	3	1	4		4	0	2	0	0	0	1	5	3	1
56	35.0	1	7.8958	0	3	1	0		1	2	0	0	0	0	1	0	0	0
57	25.0	1	7.65	0	3	1	0		1	1	0	6	63	3	1	0	0	0
58	32.25215146299484	1	16.1	0	3	1	1		1	2	2	0	0	0	0	1	1	1
59	36.0	2	262.375	0	1	0	0		2	2	3	2	61	3	1	0	0	0
60	17.0	1	7.8958	0	3	1	0		1	1	0	0	0	0	1	0	0	0
61	32.0	1	13.5	0	2	1	0		1	2	1	0	0	0	1	0	0	0
62	18.0	1	7.75	0	3	1	0		1	1	0	0	0	0	1	0	0	0
63	22.0	3	7.725	0	3	0	0		2	1	0	0	0	0	1	0	0	0
64	13.0	2	262.375	2	1	1	2		4	0	3	2	57	3	1	4	3	1
65	36.99411764705882	1	21.0	0	2	0	0		3	2	2	0	0	0	1	0	0	0
66	18.0	3	7.8792	0	3	0	0		2	1	0	0	0	0	0	0	0	0
67	47.0	1	42.4	0	1	1	0		1	2	3	0	0	0	1	0	0	0
68	31.0	2	28.5375	0	1	1	0		1	2	2	1	53	3	0	0	0	0
69	60.0	1	263.0	4	1	0	1		3	3	3	1	23	2	1	5	3	1
70	24.0	3	7.75	0	3	0	0		2	1	0	0	0	0	0	0	0	0
71	21.0	1	7.8958	0	3	1	0		1	1	0	0	0	0	0	0	0	0
72	29.0	1	7.925	0	3	0	0		2	1	0	0	0	0	0	0	0	0
73	28.5	2	27.7208	0	1	1	0		1	1	2	3	43	3	1	0	0	0
74	35.0	2	211.5	0	1	0	0		2	2	3	1	130	4	0	0	0	0
75	32.5	2	211.5	0	1	1	0		1	2	3	1	132	4	0	0	0	0
76	32.25215146299484	1	8.05	0	3	1	0		1	2	1	0	0	0	1	0	0	0
77	55.0	1	25.7	0	1	0	2		3	3	2	1	101	4	1	2	2	1
78	30.0	1	13.0	0	2	1	0		1	1	1	0	0	0	1	0	0	0
79	24.0	3	7.75	0	3	0	0		2	1	0	0	0	0	1	0	0	0
80	6.0	2	15.2458	1	3	1	1		4	0	2	0	0	0	1	2	2	1
81	67.0	1	221.7792	0	1	1	1		1	4	3	1	55	3	0	1	1	1
82	49.0	1	26.0	0	1	1	0		1	2	2	0	0	0	1	0	0	0
83	32.25215146299484	1	7.8958	0	3	1	0		1	2	0	0	0	0	1	0	0	0
84	32.25215146299484	3	10.7083	0	2	1	0		1	2	1	0	0	0	0	0	0	0
85	32.25215146299484	2	14.4542	0	3	1	1		1	2	1	0	0	0	1	1	1	1
86	27.0	3	7.8792	0	3	0	0		2	1	0	0	0	0	1	0	0	0
87	18.0	1	8.05	0	3	0	0		2	1	1	0	0	0	1	0	0	0
88	28.0	3	7.75	0	3	0	0		2	1	0	0	0	0	1	0	0	0
89	2.0	1	23.0	1	2	1	1		4	0	2	0	0	0	0	2	2	1
90	22.0	1	13.9	0	3	0	1		3	1	1	0	0	0	1	1	1	1
91	32.25215146299484	1	7.775	0	3	1	0		1	2	0	0	0	0	1	0	0	0
92	27.0	1	52.0	2	1	0	1		3	1	3	2	71	3	1	3	3	1
93	32.25215146299484	1	8.05	0	3	1	0		1	2	1	0	0	0	0	0	0	0
94	25.0	2	26.0	0	1	1	0		1	1	2	0	0	0	0	0	0	0
95	25.0	1	7.7958	0	3	1	0		1	1	0	0	0	0	0	0	0	0
96	76.0	1	78.85	0	1	0	1		3	4	3	1	46	3	0	1	1	1
97	29.0	1	7.925	0	3	1	0		1	1	0	0	0	0	1	0	0	0
98	20.0	1	7.8542	0	3	0	0		2	1	0	0	0	0	0	0	0	0
99	33.0	1	8.05	0	3	1	0		1	2	1	0	0	0	1	0	0	0
100	43.0	2	55.4417	0	1	0	1		3	2	3	1	116	4	1	1	1	1
101	27.0	1	26.0	0	2	1	1		1	1	2	0	0	0	1	1	1	1
102	32.25215146299484	3	7.75	0	3	1	0		1	2	0	0	0	0	0	0	0	0
103	26.0	1	7.775	0	3	1	0		1	1	0	0	0	0	1	0	0	0
104	16.0	2	8.5167	1	3	0	1		3	1	1	0	0	0	0	2	2	1
105	28.0	1	22.525	0	3	1	0		1	1	2	0	0	0	0	0	0	0
106	21.0	3	7.8208	0	3	1	0		1	1	0	0	0	0	1	0	0	0
107	32.25215146299484	3	7.75	0	3	1	0		1	2	0	0	0	0	1	0	0	0
108	32.25215146299484	1	8.7125	0	3	1	0		1	2	1	0	0	0	1	0	0	0
109	18.5	1	13.0	0	2	1	0		1	1	1	6	0	0	1	0	0	0
110	41.0	2	15.0458	0	2	1	0		1	2	2	0	0	0	1	0	0	0
111	21.774238095238097	3	7.7792	0	3	0	0		2	1	0	0	0	0	1	0	0	0
112	36.0	2	31.6792	0	1	0	0		2	2	3	5	29	2	0	0	0	0
113	18.5	3	7.2833	0	3	0	0		2	1	0	0	0	0	1	0	0	0
114	63.0	1	221.7792	0	1	0	1		3	4	3	1	55	3	0	1	1	1
115	18.0	2	14.4542	0	3	1	1		1	1	1	0	0	0	1	1	1	1
116	32.25215146299484	2	6.4375	0	3	1	0		1	2	0	0	0	0	0	0	0	0
117	1.0	1	16.7	1	3	0	1		2	0	2	7	6	1	0	2	2	1
118	36.0	2	75.2417	0	1	1	0		1	2	3	1	6	1	1	0	0	0
119	29.0	1	26.0	0	2	0	1		3	1	2	0	0	0	0	1	1	1
120	12.0	1	15.75	0	2	0	0		2	0	2	0	0	0	0	0	0	0
121	32.25215146299484	3	7.75	0	3	1	1		1	2	0	0	0	0	0	1	1	1
122	35.0	2	57.75	0	1	0	1		3	2	3	1	28	2	1	1	1	1
123	28.0	1	7.25	0	3	1	0		1	1	0	0	0	0	0	0	0	0
124	32.25215146299484	3	7.75	0	3	1	0		1	2	0	0	0	0	0	0	0	0
125	17.0	1	16.1	1	3	0	0		2	1	2	0	0	0	1	1	1	1
126	22.0	1	7.7958	0	3	1	0		1	1	0	0	0	0	0	0	0	0
127	21.774238095238097	3	23.25	0	3	0	2		2	1	2	0	0	0	1	2	2	1
128	42.0	1	13.0	0	2	1	0		1	2	1	0	0	0	0	0	0	0
129	24.0	1	8.05	0	3	1	0		1	1	1	0	0	0	0	0	0	0
130	32.0	1	8.05	0	3	1	0		1	2	1	0	0	0	0	0	0	0
131	53.0	2	28.5	0	1	1	0		5	3	2	1	51	3	1	0	0	0
132	36.99411764705882	1	25.4667	4	3	0	0		3	2	2	0	0	0	0	4	3	1
133	32.25215146299484	2	6.4375	0	3	1	1		1	2	0	0	0	0	0	1	1	1
134	43.0	1	7.8958	0	3	1	0		1	2	0	0	0	0	1	0	0	0
135	24.0	1	7.8542	0	3	1	0		1	1	0	0	0	0	0	0	0	0
136	26.5	2	7.225	0	3	1	0		1	1	0	0	0	0	1	0	0	0
137	26.0	1	13.0	0	2	1	0		1	1	1	0	0	0	0	0	0	0
138	23.0	1	8.05	0	3	0	0		2	1	1	0	0	0	0	0	0	0
139	40.0	1	46.9	6	3	1	1		1	2	3	0	0	0	1	7	3	1
140	10.0	1	46.9	2	3	0	5		2	0	3	0	0	0	1	7	3	1
141	33.0	1	151.55	0	1	0	0		2	2	3	0	0	0	0	0	0	0
142	61.0	2	262.375	3	1	1	1		1	4	3	2	57	3	1	4	3	1
143	28.0	1	26.0	0	2	1	0		1	1	2	0	0	0	1	0	0	0
144	42.0	1	26.55	0	1	1	0		1	2	2	0	0	0	0	0	0	0
145	31.0	1	18.0	0	3	1	3		1	2	2	0	0	0	0	3	3	1
146	32.25215146299484	1	51.8625	0	1	1	0		1	2	3	4	46	3	0	0	0	0
147	22.0	1	8.05	0	3	1	0		1	1	1	0	0	0	1	0	0	0
148	32.25215146299484	1	26.55	0	1	1	0		1	2	2	0	0	0	0	0	0	0
149	30.0	1	26.0	1	2	1	1		5	1	2	0	0	0	0	2	2	1
150	23.0	2	83.1583	1	1	0	0		3	1	3	1	54	3	0	1	1	1
151	32.25215146299484	2	7.8958	0	3	1	0		1	2	0	0	0	0	0	0	0	0
152	60.5	1	14.4542	0	3	1	0		1	4	1	0	0	0	0	0	0	0
153	36.0	1	12.1833	2	3	0	0		3	2	1	0	0	0	0	2	2	1
154	13.0	1	31.3875	2	3	1	4		4	0	3	0	0	0	0	6	3	1
155	24.0	1	7.55	0	3	1	0		1	1	0	0	0	0	1	0	0	0
156	29.0	1	221.7792	0	1	0	0		2	1	3	1	97	4	0	0	0	0
157	23.0	1	7.8542	0	3	0	0		2	1	0	0	0	0	0	0	0	0
158	42.0	1	26.55	0	1	1	0		1	2	2	3	22	2	0	0	0	0
159	26.0	1	13.775	2	3	0	0		3	1	1	0	0	0	0	2	2	1
160	21.774238095238097	3	7.7333	0	3	0	0		2	1	0	0	0	0	1	0	0	0
161	7.0	2	15.2458	1	3	1	1		4	0	2	0	0	0	1	2	2	1
162	26.0	1	13.5	0	2	0	0		2	1	1	0	0	0	1	0	0	0
163	32.25215146299484	1	7.0	0	3	1	0		1	2	0	0	0	0	0	0	0	0
164	41.0	1	13.0	0	2	1	0		5	2	1	0	0	0	0	0	0	0
165	26.0	1	22.025	1	3	0	1		3	1	2	0	0	0	0	2	2	1
166	48.0	2	50.4958	0	1	1	0		1	2	3	2	10	1	0	0	0	0
167	18.0	1	34.375	2	3	1	2		1	1	3	0	0	0	1	4	3	1
168	36.99411764705882	2	27.7208	0	1	0	0		3	2	2	0	0	0	1	0	0	0
169	22.0	1	8.9625	0	3	0	0		2	1	1	0	0	0	1	0	0	0
170	32.25215146299484	1	7.55	0	3	1	0		1	2	0	0	0	0	0	0	0	0
171	27.0	2	7.225	0	3	1	0		1	1	0	0	0	0	1	0	0	0
172	23.0	1	13.9	0	3	1	1		1	1	1	0	0	0	1	1	1	1
173	32.25215146299484	2	7.2292	0	3	1	0		1	2	0	0	0	0	0	0	0	0
174	40.0	1	31.3875	5	3	1	1		1	2	3	0	0	0	0	6	3	1
175	15.0	1	39.0	2	2	0	0		2	1	3	0	0	0	1	2	2	1
176	20.0	1	36.75	0	2	0	0		2	1	3	0	0	0	1	0	0	0
177	54.0	2	55.4417	0	1	1	1		1	3	3	1	116	4	1	1	1	1
178	36.0	1	39.0	3	2	0	0		3	2	3	6	4	1	1	3	3	1
179	64.0	2	83.1583	2	1	0	0		3	4	3	4	45	3	1	2	2	1
180	30.0	1	13.0	0	2	1	0		1	1	1	0	0	0	1	0	0	0
181	37.0	2	83.1583	1	1	1	1		1	2	3	4	52	3	1	2	2	1
182	18.0	1	53.1	0	1	0	1		3	1	3	3	30	2	0	1	1	1
183	32.25215146299484	3	7.75	0	3	1	0		1	2	0	0	0	0	0	0	0	0
184	27.0	2	247.5208	1	1	0	1		3	1	3	2	58	3	1	2	2	1
185	40.0	1	16.0	0	2	1	0		1	2	2	0	0	0	0	0	0	0
186	21.0	1	21.0	1	2	0	0		2	1	2	0	0	0	1	1	1	1
187	17.0	1	8.05	0	3	1	2		1	1	1	0	0	0	0	2	2	1
188	21.774238095238097	1	69.55	2	3	0	8		2	1	3	0	0	0	0	10	3	1
189	40.0	1	13.0	0	2	1	0		1	2	1	0	0	0	0	0	0	0
190	34.0	1	26.0	0	2	1	1		1	2	2	0	0	0	0	1	1	1
191	32.25215146299484	1	26.0	0	1	1	0		1	2	2	0	0	0	0	0	0	0
192	11.5	1	14.5	1	3	1	1		4	0	1	0	0	0	0	2	2	1
193	61.0	3	12.35	0	2	1	0		1	4	1	0	0	0	0	0	0	0
194	8.0	1	32.5	2	2	1	0		4	0	3	0	0	0	1	2	2	1
195	33.0	1	7.8542	0	3	1	0		1	2	0	0	0	0	0	0	0	0
196	6.0	2	134.5	2	1	1	0		4	0	3	4	34	2	1	2	2	1
197	18.0	1	7.775	0	3	0	0		2	1	0	0	0	0	1	0	0	0
198	23.0	1	10.5	0	2	1	0		1	1	1	0	0	0	1	0	0	0
199	36.99411764705882	1	8.1125	0	3	0	0		3	2	1	0	0	0	0	0	0	0
200	21.774238095238097	3	15.5	0	3	0	0		2	1	2	0	0	0	1	0	0	0
201	0.33	1	14.4	2	3	1	0		4	0	1	0	0	0	1	2	2	1
202	47.0	2	227.525	0	1	1	1		5	2	3	1	62	3	0	1	1	1
203	8.0	1	26.0	1	2	0	1		2	0	2	0	0	0	1	2	2	1
204	25.0	1	10.5	0	2	1	0		1	1	1	0	0	0	1	0	0	0
205	32.25215146299484	2	25.7417	0	1	1	0		1	2	2	0	0	0	1	0	0	0
206	35.0	3	7.75	0	3	0	0		2	2	0	0	0	0	1	0	0	0
207	24.0	1	10.5	0	2	1	0		1	1	1	0	0	0	1	0	0	0
208	33.0	2	27.7208	0	1	0	0		2	2	2	5	11	1	0	0	0	0
209	25.0	1	7.8958	0	3	1	0		1	1	0	0	0	0	1	0	0	0
210	32.0	1	22.525	0	3	1	0		1	2	2	0	0	0	0	0	0	0
211	32.25215146299484	1	7.05	0	3	1	0		1	2	0	0	0	0	1	0	0	0
212	17.0	1	73.5	0	2	1	0		1	1	3	0	0	0	0	0	0	0
213	60.0	1	26.0	0	2	0	1		3	3	2	0	0	0	0	1	1	1
214	38.0	1	7.775	2	3	0	4		2	2	0	0	0	0	0	6	3	1
215	42.0	1	42.5	0	1	1	0		1	2	3	2	11	1	1	0	0	0
216	21.774238095238097	3	7.8792	0	3	0	0		2	1	0	0	0	0	1	0	0	0
217	57.0	1	164.8667	1	1	1	1		1	3	3	0	0	0	1	2	2	1
218	50.0	2	211.5	1	1	0	1		3	2	3	1	80	3	0	2	2	1
219	32.25215146299484	1	8.05	0	3	1	0		1	2	1	0	0	0	1	0	0	0
220	30.0	2	13.8583	0	2	0	1		2	1	1	0	0	0	1	1	1	1
221	21.0	1	8.05	0	3	1	0		1	1	1	0	0	0	1	0	0	0
222	22.0	1	10.5	0	2	0	0		3	1	1	6	33	2	1	0	0	0
223	21.0	1	7.7958	0	3	1	0		1	1	0	0	0	0	0	0	0	0
224	53.0	2	27.4458	0	1	0	0		3	3	2	0	0	0	1	0	0	0
225	36.99411764705882	2	15.2458	2	3	0	0		3	2	2	0	0	0	0	2	2	1
226	23.0	1	7.7958	0	3	1	0		1	1	0	0	0	0	1	0	0	0
227	21.774238095238097	3	7.75	0	3	0	0		2	1	0	0	0	0	1	0	0	0
228	40.5	1	15.1	0	3	1	0		1	2	2	0	0	0	1	0	0	0
229	36.0	1	13.0	0	2	1	0		1	2	1	0	0	0	0	0	0	0
230	14.0	1	65.0	0	2	1	0		1	0	3	0	0	0	0	0	0	0
231	21.0	1	26.55	0	1	0	0		2	1	2	0	0	0	0	0	0	0
232	21.0	1	6.4958	0	3	1	1		1	1	0	0	0	0	1	1	1	1
233	32.25215146299484	3	7.8792	0	3	1	0		1	2	0	0	0	0	0	0	0	0
234	39.0	2	71.2833	0	1	1	1		1	2	3	1	85	4	0	1	1	1
235	20.0	1	7.8542	0	3	1	0		1	1	0	0	0	0	1	0	0	0
236	64.0	2	75.25	0	1	1	1		1	4	3	3	37	2	0	1	1	1
237	20.0	2	7.225	0	3	1	0		1	1	0	0	0	0	0	0	0	0
238	18.0	1	13.0	1	2	0	1		2	1	1	0	0	0	1	2	2	1
239	48.0	2	106.425	0	1	0	1		3	2	3	1	86	4	0	1	1	1
240	55.0	2	27.7208	0	1	0	0		3	3	2	0	0	0	0	0	0	0
241	45.0	1	30.0	2	2	0	0		3	2	2	0	0	0	0	2	2	1
242	45.0	2	134.5	1	1	1	1		1	2	3	4	34	2	1	2	2	1
243	32.25215146299484	1	7.8875	0	3	1	0		1	2	0	0	0	0	1	0	0	0
244	5.482641509433963	1	23.45	2	3	1	1		4	0	2	0	0	0	0	3	3	1
245	41.0	1	51.8625	0	1	1	1		1	2	3	3	21	2	1	1	1	1
246	22.0	1	21.0	0	2	0	0		3	1	2	0	0	0	1	0	0	0
247	42.0	1	32.5	1	2	1	1		1	2	3	0	0	0	1	2	2	1
248	29.0	1	26.0	0	2	0	1		3	1	2	0	0	0	0	1	1	1
249	36.99411764705882	2	14.4542	0	3	0	1		3	2	1	0	0	0	1	1	1	1
250	0.92	1	27.75	2	2	0	1		2	0	2	0	0	0	0	3	3	1
251	20.0	1	7.925	0	3	1	0		1	1	0	0	0	0	1	0	0	0
252	27.0	2	136.7792	0	1	1	1		1	1	3	1	89	4	1	1	1	1
253	24.0	1	9.325	0	3	1	0		1	1	1	0	0	0	1	0	0	0
254	32.5	1	9.5	0	3	1	0		1	2	1	0	0	0	0	0	0	0
255	32.25215146299484	1	7.55	0	3	1	0		1	2	0	0	0	0	0	0	0	0
256	32.25215146299484	3	7.75	0	3	1	0		1	2	0	0	0	0	1	0	0	0
257	28.0	1	8.05	0	3	1	0		1	1	1	0	0	0	0	0	0	0
258	19.0	1	13.0	0	2	0	0		2	1	1	0	0	0	1	0	0	0
259	21.0	1	7.775	0	3	1	0		1	1	0	0	0	0	0	0	0	0
260	36.5	1	17.4	0	3	1	1		1	2	2	0	0	0	1	1	1	1
261	21.0	1	7.8542	0	3	1	0		1	1	0	0	0	0	1	0	0	0
262	29.0	1	23.0	2	2	0	0		3	1	2	0	0	0	0	2	2	1
263	1.0	1	12.1833	1	3	0	1		2	0	1	0	0	0	0	2	2	1
264	30.0	2	12.7375	0	2	1	0		1	1	1	0	0	0	1	0	0	0
265	32.25215146299484	1	7.8958	0	3	1	0		1	2	0	0	0	0	0	0	0	0
266	32.25215146299484	1	0.0	0	1	1	0		1	2	0	0	0	0	0	0	0	0
267	32.25215146299484	1	7.55	0	3	1	0		1	2	0	0	0	0	0	0	0	0
268	21.774238095238097	1	8.05	0	3	0	0		2	1	1	0	0	0	1	0	0	0
269	17.0	1	8.6625	0	3	1	0		1	1	1	0	0	0	0	0	0	0
270	46.0	2	75.2417	0	1	1	0		1	2	3	1	6	1	1	0	0	0
271	32.25215146299484	3	7.75	0	3	1	0		1	2	0	0	0	0	0	0	0	0
272	26.0	2	136.7792	0	1	0	1		3	1	3	1	89	4	1	1	1	1
273	21.774238095238097	3	15.5	0	3	0	1		2	1	2	0	0	0	0	1	1	1
274	32.25215146299484	2	7.225	0	3	1	0		1	2	0	0	0	0	1	0	0	0
275	20.0	1	26.0	0	2	0	1		2	1	2	0	0	0	0	1	1	1
276	28.0	1	10.5	0	2	1	0		1	1	1	0	0	0	1	0	0	0
277	40.0	1	26.0	0	2	1	1		1	2	2	0	0	0	1	1	1	1
278	30.0	1	21.0	0	2	1	1		1	1	2	0	0	0	1	1	1	1
279	22.0	1	10.5	0	2	1	0		1	1	1	0	0	0	1	0	0	0
280	23.0	1	8.6625	0	3	0	0		2	1	1	0	0	0	0	0	0	0
281	0.75	1	13.775	1	3	1	1		4	0	1	0	0	0	0	2	2	1
282	21.774238095238097	3	7.75	0	3	0	0		2	1	0	0	0	0	0	0	0	0
283	9.0	2	15.2458	1	3	0	1		2	0	2	0	0	0	1	2	2	1
284	2.0	1	20.2125	1	3	0	1		2	0	2	0	0	0	0	2	2	1
285	36.0	1	7.25	0	3	1	0		1	2	0	0	0	0	0	0	0	0
286	32.25215146299484	1	7.25	0	3	1	0		1	2	0	0	0	0	1	0	0	0
287	24.0	1	82.2667	0	1	1	1		1	1	3	2	45	3	1	1	1	1
288	32.25215146299484	2	7.2292	0	3	1	0		1	2	0	6	46	3	0	0	0	0
289	32.25215146299484	1	8.05	0	3	1	0		1	2	1	0	0	0	1	0	0	0
290	32.25215146299484	1	39.6	0	1	1	0		1	2	3	0	0	0	0	0	0	0
291	30.0	3	6.95	0	3	0	0		2	1	0	0	0	0	1	0	0	0
292	32.25215146299484	2	7.2292	0	3	1	0		1	2	0	0	0	0	1	0	0	0
293	53.0	1	81.8583	1	1	1	1		5	3	3	5	34	2	1	2	2	1
294	36.0	1	9.5	0	3	1	0		1	2	1	0	0	0	0	0	0	0
295	26.0	1	7.8958	0	3	1	0		1	1	0	0	0	0	1	0	0	0
296	1.0	2	41.5792	2	2	0	1		2	0	3	0	0	0	0	3	3	1
297	32.25215146299484	2	21.6792	0	3	1	2		1	2	2	0	0	0	1	2	2	1
298	30.0	1	45.5	0	1	1	0		1	1	3	0	0	0	0	0	0	0
299	29.0	1	7.8542	0	3	1	0		1	1	0	0	0	0	0	0	0	0
300	32.0	1	7.775	0	3	1	0		1	2	0	0	0	0	0	0	0	0
301	32.25215146299484	2	15.0458	0	2	1	0		1	2	2	3	0	0	0	0	0	0
302	43.0	1	21.0	1	2	1	0		1	2	2	0	0	0	1	1	1	1
303	24.0	1	8.6625	0	3	1	0		1	1	1	0	0	0	1	0	0	0
304	21.774238095238097	3	7.75	0	3	0	0		2	1	0	0	0	0	0	0	0	0
305	64.0	1	26.55	1	1	0	1		3	4	2	2	26	2	0	2	2	1
306	30.0	1	151.55	2	1	1	1		1	1	3	1	22	2	0	3	3	1
307	0.83	1	9.35	1	3	1	0		4	0	1	0	0	0	0	1	1	1
308	55.0	1	93.5	1	1	1	1		1	3	3	2	69	3	0	2	2	1
309	45.0	1	14.1083	0	3	0	1		3	2	1	0	0	0	1	1	1	1
310	18.0	1	8.6625	0	3	1	0		1	1	1	0	0	0	0	0	0	0
311	22.0	2	7.225	0	3	1	0		1	1	0	0	0	0	1	0	0	0
312	32.25215146299484	1	7.575	0	3	1	0		1	2	0	0	0	0	1	0	0	0
313	37.0	3	7.75	0	3	0	0		2	2	0	0	0	0	1	0	0	0
314	55.0	2	135.6333	0	1	0	0		3	3	3	1	32	2	1	0	0	0
315	17.0	3	7.7333	0	3	0	0		2	1	0	0	0	0	0	0	0	0
316	57.0	2	146.5208	0	1	1	1		1	3	3	2	78	3	0	1	1	1
317	19.0	1	10.5	0	2	1	0		1	1	1	0	0	0	1	0	0	0
318	27.0	1	7.8542	0	3	1	0		1	1	0	0	0	0	1	0	0	0
319	22.0	1	31.5	0	2	1	2		1	1	3	0	0	0	0	2	2	1
320	26.0	1	7.775	0	3	1	0		1	1	0	0	0	0	0	0	0	0
321	25.0	2	7.2292	0	3	1	0		1	1	0	6	57	3	1	0	0	0
322	26.0	1	13.0	0	2	1	0		1	1	1	6	2	1	1	0	0	0
323	33.0	1	26.55	0	1	1	0		1	2	2	0	0	0	1	0	0	0
324	39.0	1	211.3375	0	1	0	0		2	2	3	0	0	0	1	0	0	0
325	23.0	1	7.05	0	3	1	0		1	1	0	0	0	0	0	0	0	0
326	12.0	1	39.0	1	2	0	2		2	0	3	6	4	1	1	3	3	1
327	46.0	2	79.2	0	1	1	0		1	2	3	0	0	0	0	0	0	0
328	29.0	1	26.0	0	2	1	1		1	1	2	0	0	0	0	1	1	1
329	21.0	1	13.0	0	2	1	0		1	1	1	0	0	0	1	0	0	0
330	48.0	1	36.75	2	2	0	0		3	2	3	0	0	0	1	2	2	1
331	39.0	2	29.7	0	1	1	0		1	2	2	5	18	1	1	0	0	0
332	32.25215146299484	2	7.225	0	3	1	0		1	2	0	0	0	0	1	0	0	0
333	19.0	2	15.7417	1	3	0	1		3	1	2	0	0	0	0	2	2	1
334	27.0	1	7.8958	0	3	1	0		1	1	0	0	0	0	0	0	0	0
335	30.0	1	26.0	0	1	1	0		1	1	2	1	106	4	0	0	0	0
336	32.0	1	13.0	0	2	1	0		1	2	1	0	0	0	1	0	0	0
337	39.0	2	7.2292	2	3	1	0		1	2	0	0	0	0	0	2	2	1
338	25.0	1	31.5	0	2	1	0		1	1	3	0	0	0	0	0	0	0
339	5.482641509433963	2	7.2292	0	3	1	0		4	0	0	0	0	0	1	0	0	0
340	18.0	1	10.5	0	2	1	0		1	1	1	0	0	0	0	0	0	0
341	32.0	1	7.5792	0	3	1	0		1	2	0	0	0	0	0	0	0	0
342	32.25215146299484	1	69.55	9	3	1	1		1	2	3	0	0	0	0	10	3	1
343	58.0	2	512.3292	1	1	0	0		3	3	3	2	51	3	0	1	1	1
344	5.482641509433963	1	14.5	1	3	1	1		4	0	1	0	0	0	0	2	2	1
345	16.0	1	7.65	0	3	0	0		2	1	0	0	0	0	0	0	0	0
346	26.0	1	13.0	0	2	1	0		1	1	1	0	0	0	1	0	0	0
347	38.0	2	7.2292	0	3	0	0		3	2	0	0	0	0	1	0	0	0
348	24.0	1	13.5	0	2	1	0		1	1	1	0	0	0	1	0	0	0
349	31.0	1	21.0	0	2	0	0		2	2	2	0	0	0	1	0	0	0
350	45.0	2	63.3583	1	1	0	0		3	2	3	3	10	1	0	1	1	1
351	25.0	1	10.5	0	2	1	0		1	1	1	0	0	0	1	0	0	0
352	18.0	1	73.5	0	2	1	0		1	1	3	0	0	0	0	0	0	0
353	49.0	1	65.0	2	2	1	1		1	2	3	0	0	0	0	3	3	1
354	0.17	1	20.575	2	3	0	1		2	0	2	0	0	0	0	3	3	1
355	50.0	1	26.0	0	1	1	0		1	2	2	4	60	3	1	0	0	0
356	59.0	1	51.4792	0	1	0	2		3	3	3	1	101	4	0	2	2	1
357	32.25215146299484	1	7.8792	0	3	1	0		1	2	0	0	0	0	1	0	0	0
358	32.25215146299484	3	7.75	0	3	1	0		1	2	0	0	0	0	1	0	0	0
359	30.0	1	15.55	0	3	0	1		3	1	2	0	0	0	1	1	1	1
360	14.5	1	69.55	2	3	1	8		4	1	3	0	0	0	0	10	3	1
361	24.0	2	37.0042	1	2	0	1		3	1	3	0	0	0	0	2	2	1
362	31.0	1	21.0	0	2	0	0		3	2	2	0	0	0	1	0	0	0
363	27.0	1	8.6625	0	3	1	0		1	1	1	0	0	0	0	0	0	0
364	25.0	2	55.4417	0	1	0	1		3	1	3	4	50	3	0	1	1	1
365	36.99411764705882	1	69.55	9	3	0	1		3	2	3	0	0	0	0	10	3	1
366	32.25215146299484	2	14.4583	0	3	1	1		1	2	1	0	0	0	0	1	1	1
367	22.0	1	39.6875	0	3	0	0		2	1	3	0	0	0	0	0	0	0
368	45.0	2	59.4	1	1	0	0		3	2	3	0	0	0	1	1	1	1
369	29.0	2	13.8583	0	2	1	0		1	1	1	0	0	0	0	0	0	0
370	21.0	1	11.5	0	2	1	1		1	1	1	0	0	0	0	1	1	1
371	31.0	2	134.5	0	1	0	0		2	2	3	4	39	2	1	0	0	0
372	49.0	1	0.0	0	1	1	0		1	2	0	2	52	3	1	0	0	0
373	44.0	1	13.0	0	2	1	0		1	2	1	0	0	0	1	0	0	0
374	54.0	1	81.8583	1	1	0	1		3	3	3	5	34	2	1	2	2	1
375	45.0	2	262.375	0	1	0	0		2	2	3	0	0	0	1	0	0	0
376	22.0	1	8.6625	0	3	0	2		2	1	1	0	0	0	1	2	2	1
377	21.0	1	11.5	0	2	1	0		1	1	1	0	0	0	0	0	0	0
378	55.0	1	50.0	0	1	1	0		1	3	3	1	39	2	1	0	0	0
379	5.0	1	31.3875	2	3	1	4		4	0	3	0	0	0	0	6	3	1
380	32.25215146299484	3	7.75	0	3	1	0		1	2	0	0	0	0	0	0	0	0
381	26.0	3	7.8792	0	3	1	0		1	1	0	0	0	0	1	0	0	0
382	36.99411764705882	1	14.5	0	3	0	0		3	2	1	0	0	0	1	0	0	0
383	19.0	1	16.1	0	3	0	1		3	1	2	0	0	0	1	1	1	1
384	32.25215146299484	1	12.875	0	2	1	0		1	2	1	0	0	0	0	0	0	0
385	24.0	1	65.0	2	2	0	1		2	1	3	0	0	0	0	3	3	1
386	24.0	1	7.775	0	3	1	0		1	1	0	0	0	0	0	0	0	0
387	57.0	1	13.0	0	2	1	0		1	3	1	0	0	0	1	0	0	0
388	21.0	3	7.75	0	3	1	0		1	1	0	0	0	0	1	0	0	0
389	6.0	1	21.075	1	3	1	3		4	0	2	0	0	0	0	4	3	1
390	23.0	1	93.5	0	1	1	0		1	1	3	2	24	2	0	0	0	0
391	51.0	1	39.4	1	1	0	0		3	3	3	3	28	2	1	1	1	1
392	13.0	1	20.25	2	3	1	0		4	0	2	0	0	0	0	2	2	1
393	47.0	1	10.5	0	2	1	0		1	2	1	0	0	0	0	0	0	0
394	29.0	1	22.025	1	3	1	3		1	1	2	0	0	0	0	4	3	1
395	18.0	1	60.0	0	1	0	1		3	1	3	1	31	2	0	1	1	1
396	24.0	3	7.25	0	3	1	0		1	1	0	0	0	0	0	0	0	0
397	48.0	2	79.2	1	1	0	1		3	2	3	2	41	3	0	2	2	1
398	22.0	1	7.775	0	3	1	0		1	1	0	0	0	0	0	0	0	0
399	31.0	3	7.7333	0	3	1	0		1	2	0	0	0	0	1	0	0	0
400	30.0	1	164.8667	0	1	0	0		2	1	3	1	7	1	1	0	0	0
401	38.0	1	21.0	0	2	1	1		1	2	2	0	0	0	1	1	1	1
402	22.0	2	59.4	1	1	0	0		2	1	3	0	0	0	1	1	1	1
403	17.0	1	47.1	0	1	1	0		1	1	3	0	0	0	0	0	0	0
404	43.0	2	27.7208	0	1	1	1		1	2	2	3	40	2	0	1	1	1
405	20.0	2	13.8625	0	2	1	0		1	1	1	3	38	2	1	0	0	0
406	23.0	1	10.5	0	2	1	1		1	1	1	0	0	0	1	1	1	1
407	50.0	2	211.5	1	1	1	1		1	2	3	1	80	3	0	2	2	1
408	21.774238095238097	3	7.7208	0	3	0	0		2	1	0	0	0	0	0	0	0	0
409	3.0	1	13.775	1	3	0	1		2	0	1	0	0	0	0	2	2	1
410	21.774238095238097	3	7.75	0	3	0	0		2	1	0	0	0	0	0	0	0	0
411	37.0	3	90.0	0	1	0	1		3	2	3	1	78	3	1	1	1	1
412	28.0	1	7.775	0	3	0	0		2	1	0	0	0	0	1	0	0	0
413	32.25215146299484	1	8.05	0	3	1	0		1	2	1	0	0	0	1	0	0	0
414	39.0	2	108.9	0	1	0	0		3	2	3	1	105	4	1	0	0	0
415	38.5	1	7.25	0	3	1	0		1	2	0	0	0	0	1	0	0	0
416	32.25215146299484	1	8.05	0	3	1	0		1	2	1	0	0	0	0	0	0	0
417	5.482641509433963	2	22.3583	1	3	1	1		4	0	2	0	0	0	1	2	2	1
